Timestamp,Age,Gender,Country,state,self_employed,family_history,treatment,work_interfere,,remote_work,tech_company,benefits,care_options,wellness_program,seek_help,,leave,mental_health_consequence,phys_health_consequence,coworkers,supervisor,mental_health_interview,phys_health_interview,mental_vs_physical
27-08-2014 11:29,37,Female,india,TN,NA,No,Yes,Often,,No,Yes,Yes,Not sure,No,Yes,,Somewhat easy,No,No,Some of them,Yes,No,Maybe,Yes
27-08-2014 11:29,44,M,india,TN,NA,No,No,Rarely,,No,No,Don't know,No,Don't know,Don't know,,Don't know,Maybe,No,No,No,No,No,Don't know
27-08-2014 11:29,32,Male,india,TN,NA,No,No,Rarely,,No,Yes,No,No,No,No,,Somewhat difficult,No,No,Yes,Yes,Yes,Yes,No
27-08-2014 11:29,31,Male,india,TN,NA,Yes,Yes,Often,,No,Yes,No,Yes,No,No,,Somewhat difficult,Yes,Yes,Some of them,No,Maybe,Maybe,No
27-08-2014 11:30,31,Male,india,TN,NA,No,No,Never,,Yes,Yes,Yes,No,Don't know,Don't know,,Don't know,No,No,Some of them,Yes,Yes,Yes,Don't know
27-08-2014 11:31,33,Male,india,TN,NA,Yes,No,Sometimes,,No,Yes,Yes,Not sure,No,Don't know,,Don't know,No,No,Yes,Yes,No,Maybe,Don't know
27-08-2014 11:31,35,Female,india,TN,NA,Yes,Yes,Sometimes,,Yes,Yes,No,No,No,No,,Somewhat difficult,Maybe,Maybe,Some of them,No,No,No,Don't know
27-08-2014 11:32,39,M,india,KL,NA,No,No,Never,,Yes,Yes,No,Yes,No,No,,Don't know,No,No,No,No,No,No,No
27-08-2014 11:32,42,Female,india,KL,NA,Yes,Yes,Sometimes,,No,Yes,Yes,Yes,No,No,,Very difficult,Maybe,No,Yes,Yes,No,Maybe,No
27-08-2014 11:32,23,Male,india,KL,NA,No,No,Never,,No,Yes,Don't know,No,Don't know,Don't know,,Don't know,No,No,Yes,Yes,Maybe,Maybe,Yes
27-08-2014 11:32,31,Male,india,KL,NA,No,Yes,Sometimes,,Yes,Yes,Don't know,No,No,No,,Don't know,No,No,Some of them,Yes,No,No,Don't know
27-08-2014 11:32,29,male,india,KL,NA,No,No,Never,,Yes,Yes,Don't know,Not sure,No,No,,Don't know,No,No,Yes,Yes,Yes,Yes,Don't know
27-08-2014 11:33,42,female,india,KL,NA,Yes,Yes,Sometimes,,No,No,Yes,Yes,No,No,,Somewhat difficult,Yes,Yes,Yes,Yes,Maybe,Maybe,No
27-08-2014 11:33,36,Male,india,KL,NA,Yes,No,Never,,No,Yes,Don't know,Not sure,No,Don't know,,Don't know,No,No,Yes,Yes,No,No,Don't know
27-08-2014 11:33,27,Male,india,AP,NA,No,No,Never,,No,Yes,Don't know,Not sure,Don't know,Don't know,,Somewhat easy,No,No,Some of them,Some of them,Maybe,Yes,Yes
27-08-2014 11:34,29,female,india,AP,NA,Yes,Yes,Rarely,,No,Yes,Yes,Not sure,No,No,,Somewhat easy,No,No,Yes,Some of them,Maybe,Maybe,Don't know
27-08-2014 11:34,23,Male,india,AP,NA,No,Yes,Sometimes,,Yes,Yes,Don't know,No,Don't know,Don't know,,Very easy,Maybe,No,Some of them,No,Maybe,Maybe,No
27-08-2014 11:34,32,Male,india,AP,NA,No,Yes,Sometimes,,No,Yes,Yes,Yes,No,Don't know,,Don't know,Maybe,No,Some of them,Yes,No,No,No
27-08-2014 11:34,46,male,india,AP,Yes,Yes,No,Sometimes,,Yes,Yes,Yes,Not sure,Yes,Don't know,,Very easy,No,No,Yes,Yes,No,Yes,Yes
27-08-2014 11:35,36,Male,india,AP,Yes,Yes,No,NA,,Yes,Yes,No,No,Yes,No,,Somewhat easy,No,No,Some of them,Some of them,Maybe,Maybe,Don't know
27-08-2014 11:35,29,Male,india,AP,No,Yes,Yes,Sometimes,,No,Yes,Yes,Yes,No,No,,Somewhat difficult,Maybe,No,Some of them,Some of them,No,No,No
27-08-2014 11:35,31,male,india,AP,Yes,No,No,Never,,Yes,Yes,No,No,No,No,,Somewhat difficult,No,No,Some of them,Some of them,No,Maybe,Yes
27-08-2014 11:35,46,Male,india,AP,No,No,Yes,Often,,Yes,Yes,Yes,Yes,No,No,,Don't know,Maybe,No,Some of them,Yes,No,Maybe,No
27-08-2014 11:36,41,Male,india,AP,No,No,Yes,Never,,No,No,Don't know,No,No,Don't know,,Don't know,Maybe,No,No,No,No,Yes,Don't know
27-08-2014 11:36,33,male,india,AP,No,Yes,Yes,Rarely,,No,Yes,Yes,Not sure,Don't know,Yes,,Don't know,No,No,Yes,Yes,No,Yes,Don't know
27-08-2014 11:37,35,male,india,UP,No,Yes,Yes,Sometimes,,No,No,Yes,Yes,No,Don't know,,Very easy,Yes,No,Some of them,Yes,No,Yes,No
27-08-2014 11:37,33,male,india,UP,No,No,No,NA,,No,Yes,Don't know,Not sure,No,Don't know,,Don't know,Maybe,Maybe,Some of them,No,No,No,Don't know
27-08-2014 11:37,35,Female,india,UP,No,Yes,Yes,Rarely,,Yes,Yes,Yes,Yes,Don't know,Don't know,,Don't know,No,No,Yes,Yes,Maybe,Maybe,Yes
27-08-2014 11:38,34,male,india,UP,No,No,Yes,Sometimes,,Yes,Yes,Don't know,Not sure,No,Don't know,,Somewhat difficult,No,No,Some of them,No,No,No,No
27-08-2014 11:38,37,Male,india,UP,No,No,No,Sometimes,,No,Yes,No,No,No,No,,Very difficult,Yes,Maybe,Some of them,No,No,Maybe,No
27-08-2014 11:39,32,Male,india,UP,No,No,No,Never,,Yes,Yes,No,No,No,No,,Don't know,Yes,Yes,Some of them,Some of them,No,Maybe,No
27-08-2014 11:38,31,Male,india,UP,Yes,Yes,No,Rarely,,Yes,Yes,No,Yes,No,No,,Somewhat difficult,Yes,No,No,No,No,No,No
27-08-2014 11:39,30,male,india,UP,No,Yes,Yes,Sometimes,,Yes,Yes,Don't know,No,No,No,,Somewhat easy,Maybe,No,Some of them,Yes,No,Yes,Don't know
27-08-2014 11:39,42,Male,india,UP,No,Yes,Yes,Sometimes,,Yes,Yes,Yes,Yes,Yes,Yes,,Very easy,Maybe,No,Some of them,Some of them,Maybe,Yes,Don't know
27-08-2014 11:40,40,female,india,UP,No,No,Yes,Sometimes,,No,Yes,Yes,Yes,No,No,,Don't know,Maybe,No,Some of them,No,No,Maybe,Yes
27-08-2014 11:41,27,Male,india,UP,No,No,Yes,Rarely,,No,Yes,No,Yes,No,No,,Very easy,No,No,Yes,Yes,Maybe,Maybe,Don't know
27-08-2014 11:41,29,Male,india,UP,No,No,No,Rarely,,No,Yes,No,No,No,No,,Very easy,Yes,Maybe,Some of them,No,No,No,Don't know
27-08-2014 11:41,38,Male,india,TN,No,No,No,NA,,No,Yes,No,Yes,No,No,,Somewhat easy,Maybe,No,Some of them,Some of them,No,Maybe,No
27-08-2014 11:42,50,M,india,TN,No,No,No,NA,,No,Yes,Yes,Yes,No,Don't know,,Don't know,No,No,Some of them,Yes,No,Maybe,Don't know
27-08-2014 11:42,35,M,india,TN,No,No,Yes,Rarely,,Yes,Yes,Yes,Yes,No,Yes,,Very easy,No,No,Yes,Yes,Maybe,Maybe,Yes
27-08-2014 11:42,24,Male,india,TN,No,No,Yes,Sometimes,,No,Yes,No,No,No,No,,Don't know,Maybe,Maybe,Some of them,No,No,Yes,No
27-08-2014 11:42,35,Male,india,TN,No,No,No,NA,,Yes,Yes,Yes,Not sure,Don't know,Yes,,Somewhat difficult,Yes,Yes,Some of them,No,No,Maybe,Don't know
27-08-2014 11:43,27,Male,india,TN,No,Yes,Yes,Sometimes,,No,Yes,No,Yes,No,No,,Very difficult,Maybe,No,Some of them,No,No,No,Yes
27-08-2014 11:43,18,Male,india,TN,No,No,No,Often,,No,Yes,No,Not sure,No,No,,Somewhat difficult,Yes,Maybe,No,Some of them,No,No,No
27-08-2014 11:43,30,Male,india,TN,No,No,Yes,Sometimes,,No,Yes,Don't know,No,No,No,,Don't know,No,No,No,No,No,Maybe,Don't know
27-08-2014 11:43,38,Female,india,TN,No,Yes,Yes,Sometimes,,No,Yes,Yes,Yes,No,Yes,,Somewhat easy,No,No,Some of them,Yes,No,No,Yes
27-08-2014 11:43,28,Male,india,TN,No,No,No,NA,,No,Yes,Don't know,Not sure,No,No,,Don't know,No,Maybe,Some of them,Yes,Maybe,Yes,Don't know
27-08-2014 11:43,34,Male,india,TN,No,No,No,NA,,No,Yes,No,No,No,No,,Don't know,No,No,Yes,Yes,Maybe,Yes,Don't know
27-08-2014 11:43,26,m,india,PN,Yes,No,No,Sometimes,,No,Yes,No,Yes,Yes,No,,Don't know,No,No,Yes,Yes,No,No,Yes
27-08-2014 11:44,30,male,india,PN,No,Yes,Yes,Rarely,,No,Yes,Yes,No,No,Don't know,,Don't know,Maybe,No,Some of them,Yes,No,No,Don't know
27-08-2014 11:44,22,M,india,PN,No,Yes,Yes,Often,,No,Yes,No,Yes,No,No,,Very difficult,Maybe,No,No,No,No,Maybe,Don't know
27-08-2014 11:45,33,Male,india,PN,No,No,No,NA,,Yes,Yes,Don't know,Not sure,Don't know,Don't know,,Don't know,No,No,Some of them,Yes,Maybe,Maybe,Don't know
27-08-2014 11:45,31,M,india,KAR,No,No,No,NA,,Yes,Yes,Don't know,No,Don't know,Don't know,,Don't know,Maybe,Maybe,Some of them,Some of them,Maybe,Maybe,Don't know
27-08-2014 11:45,32,Male,india,KAR,No,No,No,Never,,Yes,Yes,Don't know,Not sure,No,No,,Don't know,Maybe,No,Some of them,Yes,No,No,Don't know
27-08-2014 11:46,28,M,india,KAR,No,No,No,NA,,No,Yes,No,No,No,No,,Don't know,No,No,No,No,No,Maybe,Don't know
27-08-2014 11:46,27,Male-ish,india,KAR,No,Yes,Yes,Rarely,,No,Yes,Yes,Yes,No,No,,Don't know,Maybe,No,No,No,No,No,Don't know
27-08-2014 11:46,32,maile,india,KAR,No,Yes,No,NA,,Yes,Yes,Don't know,No,No,No,,Somewhat easy,No,No,Yes,Yes,No,No,Yes
27-08-2014 11:47,24,Male,india,KAR,No,Yes,Yes,Sometimes,,Yes,Yes,Don't know,No,No,No,,Don't know,No,Maybe,Some of them,Yes,Yes,Yes,No
27-08-2014 11:47,26,Male,india,KAR,No,No,No,NA,,No,No,No,No,No,No,,Somewhat easy,No,No,Some of them,Yes,Maybe,Yes,Don't know
27-08-2014 11:47,33,male,india,MP,No,Yes,Yes,Often,,Yes,Yes,Don't know,No,No,No,,Somewhat difficult,Yes,No,No,No,No,Maybe,Don't know
27-08-2014 11:48,44,Male,india,MP,No,Yes,Yes,Sometimes,,No,No,Yes,No,No,Don't know,,Don't know,Yes,Maybe,Some of them,No,No,Maybe,Don't know
27-08-2014 11:49,26,Female,india,MP,No,No,Yes,Sometimes,,Yes,Yes,Don't know,Not sure,Yes,Yes,,Very easy,No,No,Yes,Yes,Maybe,Yes,Yes
27-08-2014 11:50,27,Male,india,MP,No,No,No,Never,,No,Yes,Yes,Not sure,No,Yes,,Somewhat easy,No,No,Yes,Yes,Maybe,Maybe,Yes
27-08-2014 11:50,26,Male,india,MP,No,No,No,NA,,No,Yes,No,No,No,No,,Very easy,Yes,No,No,No,No,No,No
27-08-2014 11:50,35,male,india,DL,No,No,No,Sometimes,,No,Yes,Don't know,No,No,No,,Somewhat easy,No,No,Some of them,Yes,No,Maybe,Don't know
27-08-2014 11:51,40,Male,india,DL,No,Yes,No,Sometimes,,Yes,Yes,Yes,Yes,Yes,Yes,,Don't know,Yes,Maybe,Some of them,No,No,No,No
27-08-2014 11:51,23,Female,india,DL,No,Yes,Yes,Often,,Yes,Yes,No,Not sure,No,No,,Very easy,No,No,Some of them,Yes,No,Maybe,Yes
27-08-2014 11:52,36,M,india,DL,No,No,No,Sometimes,,Yes,Yes,Yes,No,Don't know,Yes,,Don't know,Maybe,No,Some of them,Some of them,Maybe,Yes,Yes
27-08-2014 11:52,31,Female,india,DL,No,No,No,NA,,Yes,No,Don't know,No,Don't know,Don't know,,Don't know,Maybe,No,Some of them,No,No,Maybe,Don't know
27-08-2014 11:52,34,Male,india,DL,Yes,No,No,Rarely,,Yes,Yes,No,No,No,No,,Don't know,Maybe,No,Some of them,No,No,No,Don't know
27-08-2014 11:53,28,m,india,DL,No,No,No,Never,,No,Yes,No,No,No,No,,Don't know,Maybe,No,Some of them,Some of them,No,No,Don't know
27-08-2014 11:53,34,male,india,DL,No,No,No,Never,,No,Yes,Don't know,Not sure,Don't know,Don't know,,Somewhat easy,No,No,Some of them,Yes,No,No,Don't know
27-08-2014 11:54,23,Trans-female,india,DL,No,No,No,Rarely,,No,Yes,Yes,Yes,No,No,,Somewhat difficult,Maybe,No,Yes,Yes,No,No,No
27-08-2014 11:56,38,Male,india,DL,No,No,No,NA,,No,Yes,No,No,No,Don't know,,Somewhat easy,No,No,Some of them,Yes,Maybe,Yes,Yes
27-08-2014 11:56,33,Male,india,DL,No,No,No,Never,,No,Yes,Don't know,Not sure,Yes,Don't know,,Don't know,Maybe,No,Some of them,Some of them,No,Maybe,Yes
27-08-2014 11:57,19,Male,india,AP,No,No,No,NA,,No,Yes,No,Yes,No,No,,Somewhat difficult,Yes,No,No,No,No,Maybe,No
27-08-2014 11:57,25,Male,india,AP,No,No,No,NA,,Yes,Yes,Yes,Yes,Yes,Yes,,Don't know,No,No,Yes,Yes,Maybe,Yes,Yes
27-08-2014 11:57,31,Male,india,AP,Yes,Yes,No,Sometimes,,Yes,Yes,No,No,No,No,,Somewhat difficult,No,No,Yes,Yes,Maybe,Maybe,Yes
27-08-2014 11:59,32,Male,india,AP,No,Yes,Yes,Sometimes,,Yes,Yes,No,No,No,No,,Somewhat difficult,Yes,No,Some of them,No,No,Yes,No
27-08-2014 12:00,28,m,india,TN,No,No,No,Never,,Yes,Yes,Don't know,No,Don't know,Don't know,,Very easy,No,No,Some of them,Some of them,Maybe,Yes,Yes
27-08-2014 12:01,38,Male,india,TN,No,Yes,No,Sometimes,,Yes,Yes,Yes,Yes,No,Yes,,Don't know,No,No,Yes,Some of them,Maybe,Maybe,Yes
27-08-2014 12:02,23,Male,india,TN,No,No,No,Never,,No,Yes,Yes,Not sure,Yes,Don't know,,Very easy,No,No,Some of them,Yes,Maybe,Maybe,Yes
27-08-2014 12:02,30,male,india,TN,No,No,No,Never,,No,No,No,No,No,No,,Don't know,No,No,Some of them,Yes,No,No,No
27-08-2014 12:03,27,Cis Female,india,TN,Yes,No,Yes,Often,,Yes,Yes,Yes,Yes,Yes,Yes,,Very easy,Maybe,Maybe,Some of them,Yes,No,Maybe,Yes
27-08-2014 12:05,33,Male,india,TN,No,Yes,No,Never,,No,Yes,No,No,No,No,,Don't know,Yes,No,No,No,No,Maybe,No
27-08-2014 12:05,31,Male,india,TN,No,No,No,NA,,No,Yes,Don't know,Not sure,No,No,,Don't know,No,No,Some of them,Yes,Maybe,Maybe,No
27-08-2014 12:07,39,Male,india,TN,Yes,No,Yes,Often,,No,Yes,No,No,No,No,,Very difficult,Maybe,No,Some of them,No,No,Maybe,No
27-08-2014 12:10,34,female,india,TN,No,Yes,Yes,Rarely,,Yes,Yes,Yes,Not sure,No,Don't know,,Don't know,Yes,Maybe,Some of them,Some of them,No,No,Don't know
27-08-2014 12:11,29,F,india,TN,No,No,Yes,Sometimes,,No,Yes,Yes,Yes,No,No,,Don't know,Maybe,No,Some of them,Some of them,No,Maybe,No
27-08-2014 12:11,32,M,india,TN,No,No,No,NA,,No,Yes,Don't know,No,No,Don't know,,Don't know,No,No,Some of them,Some of them,No,No,Don't know
27-08-2014 12:12,31,Male,india,TN,No,No,No,Never,,No,Yes,Yes,Yes,Yes,Yes,,Somewhat easy,No,No,Some of them,Yes,No,No,Yes
27-08-2014 12:13,40,male,india,TN,No,No,Yes,Sometimes,,No,Yes,No,Yes,No,No,,Very difficult,No,No,Yes,Yes,Yes,Yes,No
27-08-2014 12:14,34,Male,india,TN,No,No,No,NA,,No,Yes,Don't know,No,No,No,,Somewhat easy,Maybe,No,Some of them,No,No,Maybe,Don't know
27-08-2014 12:15,18,something kinda male?,india,TN,No,No,No,NA,,Yes,Yes,Yes,Yes,No,No,,Somewhat easy,No,No,Yes,Yes,Yes,Yes,Don't know
27-08-2014 12:15,25,F,india,AP,No,No,Yes,Sometimes,,No,Yes,Yes,Yes,No,Don't know,,Don't know,Maybe,No,Some of them,Yes,No,Maybe,Don't know
27-08-2014 12:15,29,male,india,AP,No,No,No,Never,,No,Yes,Don't know,No,No,Don't know,,Don't know,No,No,Yes,Yes,Maybe,Maybe,No
27-08-2014 12:16,24,Male,india,AP,No,Yes,No,Rarely,,No,Yes,Don't know,Not sure,No,Don't know,,Somewhat easy,Maybe,Maybe,Some of them,No,No,Maybe,Don't know
27-08-2014 12:17,31,male,india,AP,No,Yes,Yes,Sometimes,,No,Yes,Don't know,No,No,No,,Don't know,No,No,Some of them,Yes,Maybe,Yes,No
27-08-2014 12:18,33,Cis Male,india,AP,No,No,Yes,Sometimes,,No,Yes,No,Yes,No,No,,Somewhat easy,Maybe,No,Some of them,No,No,Maybe,No
27-08-2014 12:18,30,M,india,AP,No,No,Yes,Often,,No,Yes,No,Yes,No,No,,Somewhat easy,No,No,Yes,Yes,Maybe,Maybe,Yes
27-08-2014 12:18,26,female,india,AP,No,Yes,Yes,Sometimes,,No,No,No,Yes,No,No,,Very difficult,Yes,No,No,No,No,Maybe,No
27-08-2014 12:18,44,Female,india,AP,No,No,No,Never,,No,Yes,Yes,Not sure,Don't know,Don't know,,Don't know,Maybe,Maybe,No,Some of them,No,No,Don't know
27-08-2014 12:19,25,Male,india,AP,No,Yes,No,NA,,No,Yes,Don't know,No,Don't know,Don't know,,Very easy,No,No,Some of them,Yes,No,No,Don't know
27-08-2014 12:20,33,Male,india,AP,No,Yes,Yes,Sometimes,,Yes,Yes,Yes,Yes,Yes,Yes,,Somewhat easy,No,No,Some of them,Yes,Maybe,Maybe,Yes
27-08-2014 12:22,29,Male,india,AP,No,No,No,Never,,No,Yes,Yes,Not sure,Yes,Don't know,,Somewhat easy,No,No,Some of them,Yes,No,No,Don't know
27-08-2014 12:23,35,Male,india,AP,No,Yes,No,Rarely,,No,Yes,Yes,Not sure,No,No,,Somewhat easy,No,No,Some of them,Yes,No,No,Don't know
27-08-2014 12:23,35,M,india,AP,No,Yes,Yes,Sometimes,,Yes,Yes,Don't know,Not sure,No,No,,Somewhat easy,No,No,Some of them,Yes,No,Maybe,No
27-08-2014 12:25,28,Male,india,AP,No,Yes,Yes,Rarely,,No,Yes,No,No,No,No,,Don't know,Maybe,No,Yes,Yes,No,No,Don't know
27-08-2014 12:28,34,m,india,AP,No,Yes,No,Never,,Yes,Yes,Yes,No,No,No,,Don't know,Maybe,No,No,No,No,No,Don't know
27-08-2014 12:28,32,Male,india,AP,No,No,Yes,Sometimes,,No,Yes,Yes,No,Yes,Yes,,Somewhat difficult,Maybe,No,Some of them,Yes,No,Maybe,Yes
27-08-2014 12:29,22,Male,india,AP,No,No,Yes,Sometimes,,No,Yes,Yes,Yes,No,Don't know,,Don't know,Yes,No,No,No,No,Yes,No
27-08-2014 12:31,28,Male,india,AP,No,No,Yes,Sometimes,,No,Yes,Yes,Yes,Yes,Yes,,Somewhat easy,No,No,Some of them,Some of them,No,Maybe,Yes
27-08-2014 12:31,45,male,india,AP,No,Yes,Yes,Rarely,,Yes,Yes,Yes,Yes,No,Yes,,Very easy,No,No,Yes,Yes,Yes,Yes,Yes
27-08-2014 12:31,32,Male,india,AP,No,No,No,Never,,No,Yes,Yes,Yes,No,Don't know,,Don't know,Maybe,No,Some of them,Some of them,No,No,Don't know
27-08-2014 12:31,28,male,india,AP,No,No,No,NA,,No,Yes,Don't know,No,No,Don't know,,Don't know,Maybe,No,Some of them,No,No,Maybe,Don't know
27-08-2014 12:31,26,Male,india,AP,No,No,No,Never,,No,Yes,Don't know,No,No,Don't know,,Very easy,No,No,Some of them,Some of them,No,No,Don't know
27-08-2014 12:31,21,Male,india,AP,Yes,No,No,Often,,Yes,No,No,Yes,No,No,,Very difficult,Yes,No,Some of them,Yes,No,Maybe,No
27-08-2014 12:31,27,Male,india,AP,No,No,No,Rarely,,No,No,Yes,Yes,Yes,Yes,,Very easy,Maybe,No,Some of them,Yes,No,No,Don't know
27-08-2014 12:31,18,Male,india,AP,No,No,Yes,Rarely,,Yes,Yes,No,No,No,No,,Very easy,No,No,Some of them,No,No,No,Don't know
27-08-2014 12:32,35,Male,india,AP,No,No,No,NA,,Yes,Yes,Don't know,Not sure,No,Don't know,,Don't know,No,No,Some of them,Yes,Maybe,Maybe,Don't know
27-08-2014 12:32,29,Male,india,AP,No,No,No,Never,,No,Yes,Yes,Yes,No,Yes,,Don't know,Yes,Yes,No,No,No,No,Don't know
27-08-2014 12:33,25,Male,india,AP,No,No,No,NA,,Yes,Yes,Don't know,No,No,No,,Very easy,No,No,Some of them,Yes,No,No,Don't know
27-08-2014 12:33,33,Male,india,AP,No,Yes,Yes,Sometimes,,Yes,Yes,Don't know,No,Don't know,Don't know,,Very easy,No,No,Yes,Yes,No,Maybe,Yes
27-08-2014 12:33,36,Male,india,AP,No,No,No,Often,,No,Yes,Yes,No,No,No,,Don't know,Maybe,No,No,No,No,No,Don't know
27-08-2014 12:33,27,Male,india,AP,No,No,Yes,Never,,No,No,Yes,Not sure,No,No,,Very difficult,Maybe,No,Some of them,Yes,No,Maybe,No
27-08-2014 12:34,27,Male,india,AP,No,Yes,No,Never,,No,Yes,Yes,No,Yes,Yes,,Don't know,Yes,No,Some of them,No,No,Yes,Don't know
27-08-2014 12:34,27,Male,india,AP,No,No,No,NA,,No,Yes,No,No,No,No,,Don't know,No,No,Some of them,Some of them,No,No,Don't know
27-08-2014 12:34,32,M,india,AP,No,No,Yes,Rarely,,No,Yes,Yes,Yes,No,Yes,,Don't know,Yes,No,No,Yes,No,No,Don't know
27-08-2014 12:34,31,Male,india,AP,No,Yes,No,Sometimes,,No,Yes,No,No,No,No,,Somewhat easy,Maybe,Maybe,No,No,No,No,Yes
27-08-2014 12:34,19,male,india,AP,No,No,Yes,Sometimes,,No,Yes,Don't know,No,No,No,,Somewhat easy,Yes,Yes,Some of them,No,No,No,Don't know
27-08-2014 12:34,33,Male,india,AP,No,Yes,Yes,Sometimes,,No,Yes,Yes,Yes,No,No,,Very easy,Maybe,No,Yes,Some of them,No,Yes,No
27-08-2014 12:35,32,male,india,AP,No,No,No,Rarely,,Yes,Yes,No,Yes,No,No,,Very difficult,Maybe,No,Yes,Some of them,No,Yes,Don't know
27-08-2014 12:36,27,Male,india,TN,No,No,No,Never,,No,Yes,Don't know,Not sure,Don't know,Don't know,,Don't know,No,No,Yes,Yes,Maybe,Maybe,Don't know
27-08-2014 12:36,38,Male,india,TN,No,No,No,NA,,Yes,Yes,No,Yes,No,No,,Somewhat easy,No,No,Yes,Yes,Maybe,Yes,No
27-08-2014 12:36,24,Male,india,TN,No,No,Yes,Never,,No,Yes,Don't know,No,No,No,,Don't know,No,No,Some of them,Yes,Maybe,Yes,Don't know
27-08-2014 12:37,39,M,india,TN,No,No,No,Never,,No,No,No,No,No,No,,Don't know,Yes,Maybe,No,No,No,No,Don't know
27-08-2014 12:37,28,Male,india,AP,No,No,No,Never,,No,Yes,Don't know,No,No,No,,Very easy,No,No,Some of them,Yes,Maybe,Maybe,Yes
27-08-2014 12:37,39,Male,india,AP,No,No,Yes,Often,,No,Yes,Yes,Not sure,No,No,,Somewhat easy,No,No,Yes,Yes,No,No,Don't know
27-08-2014 12:37,29,Female,india,AP,No,No,No,NA,,No,Yes,Don't know,No,No,Don't know,,Somewhat easy,Maybe,No,Some of them,No,No,No,Don't know
27-08-2014 12:37,22,m,india,AP,No,No,No,NA,,Yes,Yes,Don't know,No,Don't know,No,,Somewhat easy,No,No,Some of them,Some of them,No,No,Don't know
27-08-2014 12:38,38,Male,india,TN,No,Yes,Yes,Sometimes,,No,Yes,Don't know,No,Don't know,Don't know,,Don't know,Maybe,No,Some of them,Yes,No,No,Don't know
27-08-2014 12:38,37,Male,india,TN,Yes,No,Yes,Sometimes,,No,No,No,Yes,Yes,Yes,,Very difficult,Yes,Yes,Some of them,No,No,Maybe,Yes
27-08-2014 12:38,35,M,india,TN,No,No,No,Never,,Yes,No,Don't know,Not sure,Don't know,Don't know,,Don't know,Yes,No,Some of them,No,No,Maybe,Don't know
27-08-2014 12:39,-29,Male,india,TN,No,No,No,NA,,Yes,No,Yes,No,Don't know,Yes,,Don't know,No,No,Some of them,Yes,No,No,Don't know
27-08-2014 12:39,30,Female,india,TN,No,Yes,No,NA,,Yes,Yes,Don't know,Not sure,No,Don't know,,Don't know,Maybe,Maybe,Some of them,Some of them,No,Maybe,Don't know
27-08-2014 12:39,37,Male,india,TN,No,Yes,Yes,Rarely,,No,No,Yes,Yes,Yes,Yes,,Somewhat easy,Maybe,Maybe,Some of them,Yes,Maybe,Maybe,Don't know
27-08-2014 12:39,24,M,india,TN,No,No,No,Never,,No,Yes,No,No,No,No,,Don't know,Maybe,Maybe,No,Some of them,No,No,Don't know
27-08-2014 12:39,23,Male,india,TN,No,No,No,Sometimes,,No,No,No,No,No,No,,Somewhat easy,Yes,Yes,No,No,No,No,No
27-08-2014 12:40,30,male,india,TN,No,No,Yes,Rarely,,No,Yes,No,Yes,Yes,Yes,,Somewhat easy,Yes,No,Some of them,No,No,No,No
27-08-2014 12:40,29,Female,india,TN,No,No,No,NA,,Yes,Yes,Don't know,Not sure,No,Don't know,,Don't know,Maybe,No,No,Some of them,No,Maybe,Don't know
27-08-2014 12:40,19,Male,india,TN,Yes,Yes,No,NA,,Yes,Yes,Don't know,Not sure,No,Yes,,Somewhat easy,Maybe,No,Some of them,Some of them,Maybe,Maybe,Don't know
27-08-2014 12:40,32,male,india,TN,No,Yes,No,Never,,No,Yes,Don't know,Not sure,No,No,,Very easy,No,No,Some of them,Some of them,No,Maybe,No
27-08-2014 12:41,28,male,india,TN,No,No,No,Rarely,,Yes,Yes,No,No,No,No,,Don't know,No,No,Yes,Yes,Maybe,Yes,Yes
27-08-2014 12:41,36,Male,india,TN,No,No,No,Never,,No,Yes,Don't know,Not sure,Don't know,Don't know,,Don't know,No,No,Some of them,Some of them,Maybe,Maybe,Don't know
27-08-2014 12:41,37,Male,india,TN,No,Yes,Yes,Rarely,,No,No,Yes,Yes,Yes,Yes,,Somewhat difficult,Yes,Maybe,Some of them,No,No,Yes,No
27-08-2014 12:42,25,Male,india,TN,No,Yes,Yes,Sometimes,,No,No,Don't know,No,No,Don't know,,Somewhat difficult,Maybe,No,Some of them,Some of them,No,Maybe,No
27-08-2014 12:42,27,Male,india,TN,No,Yes,Yes,Sometimes,,No,Yes,Don't know,No,No,Don't know,,Don't know,No,No,No,Some of them,No,Maybe,Don't know
27-08-2014 12:43,26,male,india,TN,No,No,No,Often,,No,No,Don't know,Not sure,No,No,,Don't know,Yes,Maybe,Some of them,Yes,No,Maybe,No
27-08-2014 12:43,27,male,india,TN,No,No,Yes,Rarely,,Yes,Yes,No,Yes,No,No,,Somewhat difficult,Maybe,No,Some of them,Yes,No,No,Don't know
27-08-2014 12:43,25,Male,india,TN,No,Yes,Yes,Sometimes,,No,Yes,Don't know,Not sure,No,No,,Very easy,Maybe,No,Some of them,No,No,No,Don't know
27-08-2014 12:43,36,Male,india,TN,No,No,Yes,Sometimes,,No,No,Yes,Yes,Yes,Yes,,Somewhat easy,Maybe,Maybe,Some of them,Some of them,No,Maybe,Don't know
27-08-2014 12:44,25,F,india,TN,No,Yes,Yes,Sometimes,,No,Yes,Yes,No,No,No,,Don't know,Yes,Yes,Some of them,Some of them,No,No,Don't know
27-08-2014 12:44,31,M,india,TN,No,No,No,Never,,No,Yes,Yes,No,No,Yes,,Don't know,No,No,Some of them,Some of them,No,No,Don't know
27-08-2014 12:45,26,male,india,TN,No,Yes,No,Rarely,,No,Yes,Don't know,No,No,No,,Don't know,Maybe,No,Some of them,Yes,No,No,Don't know
27-08-2014 12:46,33,F,india,TN,Yes,Yes,Yes,Sometimes,,No,Yes,No,Yes,Yes,Yes,,Very difficult,No,No,Some of them,Yes,No,Yes,Yes
27-08-2014 12:47,27,Woman,india,TN,Yes,Yes,No,NA,,Yes,Yes,No,Yes,No,No,,Somewhat easy,No,No,Yes,Yes,No,Maybe,Yes
27-08-2014 12:48,34,Male,india,TN,No,No,No,Never,,No,Yes,No,No,No,No,,Very easy,Maybe,No,Some of them,Some of them,No,Maybe,Don't know
27-08-2014 12:48,42,male,india,TN,No,No,No,NA,,No,Yes,No,Yes,No,No,,Very difficult,Maybe,No,Yes,Yes,No,Maybe,No
27-08-2014 12:48,23,male,india,TN,Yes,Yes,No,Sometimes,,No,Yes,No,No,No,No,,Very difficult,Yes,No,No,No,No,Maybe,No
27-08-2014 12:48,24,Male,india,TN,No,No,No,Rarely,,No,Yes,Don't know,Not sure,Yes,Don't know,,Very easy,Maybe,Maybe,Some of them,Some of them,No,Maybe,Don't know
27-08-2014 12:48,26,Male,india,TN,No,No,Yes,Sometimes,,No,Yes,Yes,Yes,Don't know,Don't know,,Somewhat easy,No,No,Yes,Yes,No,No,Don't know
27-08-2014 12:48,31,Male,india,TN,Yes,No,Yes,Often,,No,Yes,Don't know,No,No,No,,Don't know,Maybe,No,Some of them,Yes,No,Maybe,Don't know
27-08-2014 12:49,22,M,India,TN,No,No,Yes,Never,,No,Yes,Don't know,Not sure,No,No,,Very difficult,Yes,Maybe,No,No,Maybe,Maybe,No
27-08-2014 12:49,23,Female,india,TN,No,No,No,NA,,No,Yes,Don't know,No,No,Don't know,,Don't know,Maybe,Maybe,Some of them,Yes,No,Maybe,Yes
27-08-2014 12:49,34,Female,india,TN,No,Yes,Yes,Sometimes,,No,No,Yes,Yes,Yes,No,,Somewhat easy,No,No,Some of them,Yes,No,No,No
27-08-2014 12:49,31,male,india,TN,No,No,No,Never,,No,Yes,Don't know,Not sure,No,Don't know,,Don't know,Maybe,No,No,Some of them,No,Maybe,Don't know
27-08-2014 12:50,28,Male,india,TN,No,No,No,NA,,No,No,No,Not sure,No,Yes,,Somewhat easy,No,No,Some of them,Some of them,Maybe,Maybe,Yes
27-08-2014 12:50,32,Female,india,TN,No,No,Yes,Often,,Yes,Yes,Yes,Not sure,Don't know,Don't know,,Very easy,No,No,Yes,Yes,No,No,Yes
27-08-2014 12:51,45,F,india,TN,No,No,Yes,Sometimes,,No,Yes,Yes,No,No,No,,Somewhat difficult,No,No,Yes,Yes,No,No,Yes
27-08-2014 12:51,33,Male,india,TN,No,No,No,NA,,Yes,Yes,Don't know,No,No,No,,Very easy,No,No,Yes,Yes,No,Maybe,Don't know
27-08-2014 12:51,29,male,india,TN,No,No,No,Never,,Yes,Yes,No,No,No,No,,Don't know,Maybe,Maybe,No,Yes,Maybe,Yes,No
27-08-2014 12:51,26,f,India,TN,Yes,No,No,Sometimes,,No,No,No,No,No,No,,Somewhat easy,Maybe,Maybe,Some of them,Some of them,No,No,Don't know
27-08-2014 12:51,28,Female,india,TN,No,No,No,Never,,No,Yes,Don't know,No,No,Don't know,,Somewhat easy,No,No,Yes,Yes,Maybe,Maybe,Don't know
27-08-2014 12:51,45,M,india,TN,No,No,Yes,Sometimes,,No,Yes,Don't know,Not sure,Don't know,Don't know,,Don't know,Yes,Yes,Some of them,Some of them,No,No,Don't know
27-08-2014 12:52,43,Male,india,TN,No,Yes,Yes,Often,,Yes,Yes,Yes,Not sure,No,Don't know,,Very difficult,Yes,Maybe,No,No,No,No,No
27-08-2014 12:52,37,male,india,TN,No,No,No,NA,,Yes,Yes,Yes,No,No,No,,Don't know,Yes,No,Some of them,No,Maybe,Yes,No
27-08-2014 12:52,24,Male,india,TN,No,No,No,Sometimes,,No,Yes,Don't know,No,No,Don't know,,Somewhat easy,Maybe,No,Some of them,Yes,Maybe,Yes,Yes
27-08-2014 12:53,26,Male,india,TN,No,No,No,NA,,Yes,Yes,No,Yes,No,No,,Somewhat easy,No,No,Some of them,No,No,Maybe,Yes
27-08-2014 12:53,23,male,india,TN,No,Yes,No,NA,,Yes,Yes,Don't know,No,No,No,,Don't know,No,No,Some of them,Yes,Maybe,Yes,Don't know
27-08-2014 12:53,35,Female,india,TN,No,Yes,Yes,Never,,No,Yes,Yes,Not sure,Don't know,No,,Somewhat easy,Maybe,No,No,No,No,No,Don't know
27-08-2014 12:53,38,Female,india,TN,Yes,Yes,Yes,Often,,Yes,Yes,No,Yes,No,No,,Somewhat easy,Maybe,Maybe,Some of them,Some of them,No,Maybe,Don't know
27-08-2014 12:53,28,Male,india,TN,No,Yes,Yes,Sometimes,,No,Yes,Yes,No,No,No,,Somewhat easy,Maybe,Maybe,Some of them,No,No,Maybe,No
27-08-2014 12:54,28,Male,india,TN,No,No,No,Sometimes,,No,Yes,No,No,No,No,,Don't know,Yes,Maybe,No,No,No,Maybe,Don't know
27-08-2014 12:54,35,Male,india,TN,No,No,Yes,Rarely,,No,Yes,No,No,No,No,,Don't know,No,No,Some of them,Yes,No,No,Don't know
27-08-2014 12:54,32,female,india,TN,No,No,No,Sometimes,,No,Yes,No,No,No,No,,Very difficult,Yes,Yes,Some of them,No,No,No,No
27-08-2014 12:54,31,Mal,india,TN,Yes,Yes,No,Never,,No,Yes,No,No,No,No,,Somewhat easy,Maybe,Maybe,Some of them,Some of them,No,Maybe,Don't know
27-08-2014 12:55,35,Female,india,TN,No,No,No,Never,,Yes,Yes,Don't know,Not sure,No,No,,Don't know,Maybe,Maybe,Some of them,No,No,No,Don't know
27-08-2014 12:55,26,Male,india,TN,No,No,No,Rarely,,No,Yes,Yes,No,No,No,,Somewhat easy,No,No,Some of them,Yes,No,Maybe,No
27-08-2014 12:56,27,Male,india,TN,No,Yes,No,NA,,Yes,Yes,Yes,Yes,No,No,,Somewhat easy,Maybe,Maybe,Some of them,Some of them,No,Maybe,Yes
27-08-2014 12:56,28,Male,india,TN,No,Yes,Yes,Sometimes,,No,Yes,Don't know,No,No,No,,Don't know,Maybe,Maybe,Some of them,No,No,Maybe,Don't know
27-08-2014 12:57,27,Female,india,TN,No,Yes,Yes,Sometimes,,No,Yes,Yes,No,No,No,,Very easy,No,No,Some of them,Some of them,No,No,Yes
27-08-2014 12:57,34,female,india,TN,No,No,Yes,Sometimes,,No,No,Yes,Yes,Yes,Yes,,Somewhat easy,Maybe,No,Some of them,Yes,No,No,Yes
27-08-2014 12:58,41,male,india,TN,No,No,Yes,Often,,Yes,Yes,No,Not sure,No,No,,Very difficult,Maybe,Maybe,Some of them,Some of them,Maybe,Maybe,Don't know
27-08-2014 12:58,37,Male,india,TN,No,No,No,Sometimes,,No,Yes,No,Yes,No,No,,Very difficult,Yes,No,No,No,No,Yes,Don't know
27-08-2014 13:00,34,male,india,TN,No,Yes,No,NA,,Yes,Yes,Don't know,No,Don't know,Don't know,,Very easy,No,No,Yes,Yes,No,No,Yes
27-08-2014 13:02,32,Male,india,TN,No,Yes,Yes,Sometimes,,Yes,Yes,Don't know,Not sure,No,No,,Somewhat difficult,Yes,Maybe,No,No,No,No,No
27-08-2014 13:03,21,Male,india,TN,No,No,Yes,Sometimes,,Yes,Yes,No,Yes,No,No,,Somewhat difficult,No,No,Some of them,Some of them,Maybe,Maybe,Yes
27-08-2014 13:04,30,M,india,TN,No,No,Yes,Often,,No,Yes,No,Yes,No,No,,Somewhat easy,Maybe,No,Yes,Yes,No,Maybe,Don't know
27-08-2014 13:04,24,male,india,TN,No,No,No,Never,,No,Yes,Don't know,Not sure,No,Don't know,,Don't know,No,No,Some of them,Yes,No,No,Don't know
27-08-2014 13:05,26,male,india,TN,No,No,No,NA,,No,Yes,No,No,No,No,,Very easy,Yes,Maybe,No,No,No,Maybe,Don't know
27-08-2014 13:06,40,Female,india,TN,No,No,No,NA,,No,Yes,Yes,Yes,Yes,Yes,,Somewhat easy,No,No,Some of them,Yes,No,No,Yes
27-08-2014 13:06,37,Male,india,TN,No,Yes,No,Sometimes,,No,No,No,No,No,No,,Don't know,Yes,Maybe,Some of them,Yes,No,Maybe,Don't know
27-08-2014 13:07,26,Male,india,TN,Yes,No,Yes,Often,,Yes,Yes,No,No,No,No,,Don't know,Yes,No,No,No,No,Maybe,Don't know
27-08-2014 13:07,32,F,india,TN,No,Yes,Yes,Sometimes,,No,Yes,Don't know,No,No,No,,Don't know,Yes,Maybe,Some of them,Some of them,No,Maybe,No
27-08-2014 13:07,32,f,india,TN,No,No,Yes,Sometimes,,No,No,Yes,Yes,Don't know,Don't know,,Very easy,No,No,Yes,Yes,No,Yes,Yes
27-08-2014 13:07,27,female,india,TN,Yes,Yes,Yes,Sometimes,,Yes,Yes,No,No,Don't know,Don't know,,Very difficult,No,No,Some of them,No,No,No,Don't know
27-08-2014 13:08,30,Male,india,TN,Yes,No,Yes,Often,,Yes,Yes,Yes,Yes,No,No,,Very difficult,No,No,Some of them,Yes,Maybe,Yes,Yes
27-08-2014 13:09,31,M,india,TN,Yes,No,No,NA,,No,Yes,Yes,Yes,No,Don't know,,Very easy,No,No,Some of them,Some of them,No,No,Yes
27-08-2014 13:09,29,F,india,TN,No,No,Yes,Never,,No,No,Yes,No,No,Don't know,,Somewhat difficult,Maybe,No,Some of them,No,No,No,Don't know
27-08-2014 13:09,41,Male (CIS),india,TN,No,No,No,NA,,No,Yes,Yes,Not sure,No,No,,Very easy,Yes,No,No,Some of them,No,No,Don't know
27-08-2014 13:12,34,female,india,TN,No,No,No,NA,,No,Yes,Yes,No,No,No,,Somewhat easy,No,No,Yes,Yes,Maybe,Maybe,Yes
27-08-2014 13:12,33,Male,India,TN,No,No,No,NA,,No,Yes,Don't know,No,No,No,,Don't know,No,No,Yes,Yes,Yes,Yes,Don't know
27-08-2014 13:14,28,male,india,TN,No,No,No,Rarely,,No,Yes,Don't know,No,No,No,,Don't know,No,No,Some of them,Some of them,No,Maybe,Don't know
27-08-2014 13:15,28,Male,india,TN,No,No,Yes,Sometimes,,No,Yes,No,Yes,No,No,,Very difficult,Yes,No,No,Some of them,No,No,No
27-08-2014 13:15,23,Male,india,TN,No,No,No,Never,,No,Yes,Don't know,Not sure,Don't know,Don't know,,Don't know,No,No,No,Yes,No,Yes,Yes
27-08-2014 13:18,24,M,india,TN,No,No,No,NA,,No,Yes,Don't know,No,Don't know,No,,Very easy,No,No,Yes,Yes,Maybe,Yes,Yes
27-08-2014 13:18,32,male,india,TN,No,No,No,Rarely,,Yes,Yes,No,Yes,No,No,,Very difficult,No,No,Some of them,Yes,No,Maybe,Yes
27-08-2014 13:19,34,Male,india,TN,Yes,No,No,Sometimes,,Yes,Yes,Don't know,Not sure,Yes,Yes,,Somewhat difficult,Yes,Yes,No,No,No,Maybe,Yes
27-08-2014 13:21,24,Male,india,TN,No,No,No,Never,,No,Yes,Yes,Not sure,No,Don't know,,Very easy,Maybe,No,Some of them,No,Maybe,Maybe,Yes
27-08-2014 13:22,26,male,india,TN,Yes,No,Yes,Sometimes,,No,Yes,No,Yes,No,No,,Don't know,Maybe,No,Some of them,Some of them,No,Maybe,Yes
27-08-2014 13:22,36,Male,india,TN,No,No,Yes,Sometimes,,No,Yes,Yes,No,No,Yes,,Don't know,Maybe,No,Some of them,Some of them,No,Maybe,Don't know
27-08-2014 13:23,41,Male,india,TN,No,No,Yes,Rarely,,Yes,Yes,Yes,Yes,No,Don't know,,Don't know,Maybe,Maybe,Some of them,No,Maybe,Maybe,No
27-08-2014 13:24,38,Male,india,TN,No,No,Yes,Sometimes,,No,No,Don't know,Not sure,Don't know,Don't know,,Very difficult,Yes,No,No,No,No,Maybe,No
27-08-2014 13:24,38,Male,india,TN,No,No,No,Sometimes,,Yes,Yes,Don't know,Not sure,No,Don't know,,Don't know,Maybe,Maybe,Some of them,Yes,No,Maybe,No
27-08-2014 13:26,30,male,india,TN,No,No,No,NA,,No,Yes,Don't know,No,Don't know,Don't know,,Somewhat easy,No,No,Some of them,Some of them,No,No,Yes
27-08-2014 13:26,25,Male,india,AP,No,No,No,Never,,No,Yes,No,No,No,No,,Somewhat difficult,Yes,Maybe,No,No,No,Maybe,No
27-08-2014 13:27,37,Male,india,AP,No,Yes,Yes,Often,,No,Yes,Yes,Yes,No,Don't know,,Don't know,Maybe,No,Some of them,Some of them,No,Yes,Don't know
27-08-2014 13:29,34,Male,india,AP,No,Yes,No,NA,,No,Yes,No,No,No,No,,Somewhat difficult,No,No,Some of them,Yes,No,Yes,No
27-08-2014 13:29,37,F,india,AP,No,Yes,Yes,Sometimes,,No,No,Yes,Yes,Yes,Yes,,Somewhat easy,No,No,Some of them,Some of them,No,Maybe,Yes
27-08-2014 13:31,28,Female,india,AP,No,Yes,Yes,Sometimes,,No,No,Yes,Yes,Yes,Yes,,Don't know,No,No,Some of them,Yes,No,No,No
27-08-2014 13:31,22,Male,india,AP,No,No,No,NA,,No,Yes,Don't know,No,No,No,,Don't know,No,No,Some of them,Yes,Maybe,Maybe,No
27-08-2014 13:32,34,male,india,AP,No,Yes,Yes,Sometimes,,No,Yes,No,No,No,No,,Somewhat difficult,Maybe,No,Some of them,Some of them,No,Maybe,No
27-08-2014 13:32,33,M,india,AP,No,Yes,Yes,Sometimes,,No,Yes,Yes,Yes,Yes,Yes,,Somewhat easy,No,No,Some of them,Yes,No,No,Don't know
27-08-2014 13:33,25,Male,india,AP,No,No,No,NA,,No,Yes,No,No,No,No,,Somewhat difficult,Maybe,No,Some of them,Yes,No,Yes,No
27-08-2014 13:34,27,Male,india,AP,No,No,No,Never,,Yes,Yes,Yes,Yes,Don't know,Don't know,,Somewhat easy,No,No,Some of them,Yes,Maybe,Maybe,Yes
27-08-2014 13:35,40,M,india,AP,No,No,Yes,Sometimes,,Yes,Yes,Yes,Yes,Yes,Yes,,Don't know,Yes,Maybe,No,No,No,Maybe,No
27-08-2014 13:35,21,Male,india,AP,No,No,Yes,Often,,No,No,Don't know,No,No,Don't know,,Don't know,Maybe,No,No,No,No,Maybe,Don't know
27-08-2014 13:37,29,Male,india,AP,No,No,No,NA,,No,No,No,No,No,No,,Very easy,No,No,Yes,Yes,Maybe,Yes,Yes
27-08-2014 13:37,32,M,india,AP,No,Yes,Yes,Sometimes,,Yes,Yes,No,No,No,No,,Don't know,Maybe,No,Yes,Yes,No,Yes,Don't know
27-08-2014 13:38,29,f,india,AP,No,Yes,Yes,Rarely,,Yes,No,Yes,Yes,Yes,Don't know,,Don't know,Maybe,No,Some of them,No,Maybe,Yes,Don't know
27-08-2014 13:39,23,Male,india,AP,No,Yes,Yes,Sometimes,,Yes,No,Don't know,No,No,Don't know,,Somewhat easy,Maybe,No,Some of them,Some of them,No,Yes,Yes
27-08-2014 13:40,28,Male,india,AP,No,Yes,No,NA,,No,Yes,Yes,No,No,Don't know,,Somewhat easy,No,No,Some of them,Yes,No,Maybe,Yes
27-08-2014 13:42,31,male,india,AP,No,Yes,Yes,Rarely,,Yes,Yes,Yes,Yes,Yes,Don't know,,Very easy,No,No,Some of them,Yes,No,Maybe,Yes
27-08-2014 13:44,27,Male,india,AP,No,No,No,NA,,No,No,Don't know,Not sure,Don't know,Don't know,,Very easy,Maybe,Maybe,Yes,Yes,No,No,Don't know
27-08-2014 13:44,24,Male,india,AP,No,No,No,Sometimes,,No,Yes,Don't know,No,Don't know,Don't know,,Don't know,No,No,Yes,Yes,Maybe,Maybe,Don't know
27-08-2014 13:46,29,Male,india,AP,No,No,No,Often,,No,Yes,No,No,No,No,,Somewhat difficult,Yes,No,No,No,No,Maybe,Don't know
27-08-2014 13:47,23,Female,india,AP,No,No,Yes,Sometimes,,No,Yes,Don't know,Not sure,Don't know,Don't know,,Don't know,Maybe,Maybe,Some of them,Some of them,No,Maybe,Yes
27-08-2014 13:47,42,Male,india,AP,No,No,No,Never,,Yes,Yes,No,Yes,No,Yes,,Somewhat easy,No,No,Some of them,Yes,No,No,Yes
27-08-2014 13:48,24,Male,india,AP,No,No,No,NA,,No,Yes,No,No,No,No,,Don't know,Yes,No,Some of them,Some of them,No,Yes,No
27-08-2014 13:49,25,Male,india,AP,No,Yes,Yes,Often,,No,Yes,No,Yes,No,No,,Very difficult,Yes,Maybe,No,No,No,Yes,No
27-08-2014 13:49,27,Female,india,AP,No,No,Yes,Rarely,,No,Yes,Yes,No,No,No,,Don't know,Maybe,Maybe,Yes,No,No,Maybe,Don't know
27-08-2014 13:52,27,Male,india,AP,No,No,No,Sometimes,,Yes,Yes,No,Yes,No,No,,Very difficult,Yes,Yes,Some of them,Some of them,No,Maybe,No
27-08-2014 13:52,30,Male,india,AP,No,No,Yes,Sometimes,,Yes,Yes,Yes,Yes,No,Yes,,Don't know,No,No,Yes,Yes,Maybe,No,Yes
27-08-2014 13:53,29,male,india,AP,No,Yes,Yes,Rarely,,No,Yes,No,Yes,No,No,,Very difficult,Maybe,No,Some of them,Some of them,No,Yes,No
27-08-2014 13:53,43,Male,india,AP,Yes,No,No,NA,,Yes,Yes,No,Not sure,No,No,,Somewhat easy,Maybe,No,Yes,Yes,Yes,Yes,Don't know
27-08-2014 13:53,32,male,india,AP,No,No,No,NA,,No,Yes,No,Yes,No,Don't know,,Very easy,No,No,Some of them,Yes,No,Maybe,Don't know
27-08-2014 13:54,41,Male,india,AP,No,No,Yes,Sometimes,,Yes,Yes,Yes,Yes,Don't know,No,,Very easy,No,No,Yes,Yes,Yes,Yes,Yes
27-08-2014 13:54,32,Male,india,AP,Yes,Yes,Yes,Sometimes,,Yes,Yes,Don't know,Not sure,Don't know,Don't know,,Very easy,Maybe,Maybe,Yes,Some of them,Maybe,Maybe,Don't know
27-08-2014 13:55,37,Female,india,AP,No,Yes,Yes,Often,,No,Yes,Yes,Yes,No,No,,Don't know,Maybe,No,Some of them,Some of them,No,Yes,Don't know
27-08-2014 13:55,32,Male,india,AP,No,No,No,Never,,Yes,Yes,No,No,No,No,,Very easy,No,No,Yes,Yes,No,No,Don't know
27-08-2014 13:55,30,Male,india,AP,Yes,No,No,Sometimes,,Yes,Yes,No,No,No,No,,Somewhat difficult,No,No,Some of them,Some of them,No,Maybe,No
27-08-2014 13:56,23,female,india,AP,No,Yes,Yes,Never,,No,No,Yes,No,Don't know,Don't know,,Don't know,No,No,Some of them,Yes,Maybe,Maybe,Yes
27-08-2014 13:56,30,Male,india,AP,No,No,No,NA,,No,Yes,Yes,Yes,Yes,Yes,,Very easy,No,No,Some of them,Yes,No,No,Yes
27-08-2014 13:59,34,male,india,AP,No,No,No,Sometimes,,No,Yes,No,Yes,No,No,,Somewhat easy,Maybe,Maybe,Yes,Some of them,No,No,Don't know
27-08-2014 13:59,38,Male,india,AP,No,No,Yes,Rarely,,Yes,Yes,Yes,No,No,No,,Don't know,Yes,No,No,No,No,Maybe,No
27-08-2014 14:01,33,Male,india,AP,No,No,No,NA,,No,Yes,Yes,No,Yes,Yes,,Don't know,No,No,Some of them,Yes,No,No,Don't know
27-08-2014 14:01,34,male,india,AP,No,No,No,NA,,No,No,Yes,No,No,No,,Don't know,Maybe,No,Some of them,No,No,No,Don't know
27-08-2014 14:01,28,male,india,AP,No,No,No,Sometimes,,No,Yes,No,Yes,No,No,,Somewhat easy,Maybe,Maybe,No,Some of them,No,No,Don't know
27-08-2014 14:03,28,male,india,AP,No,No,Yes,Rarely,,No,No,Yes,Yes,Yes,Don't know,,Very easy,Maybe,No,Some of them,Some of them,No,No,Yes
27-08-2014 14:03,23,Male,india,AP,No,Yes,No,Sometimes,,No,Yes,Don't know,No,No,Don't know,,Don't know,Maybe,No,Some of them,No,No,Maybe,No
27-08-2014 14:03,22,Male,india,AP,Yes,Yes,Yes,Sometimes,,Yes,Yes,Don't know,Not sure,Yes,Yes,,Somewhat easy,Maybe,No,Some of them,Yes,No,Yes,No
27-08-2014 14:06,27,male,india,AP,No,No,No,Never,,No,Yes,No,No,No,No,,Don't know,Yes,No,No,No,No,Maybe,Don't know
27-08-2014 14:10,18,male,india,AP,No,No,Yes,Sometimes,,No,Yes,Don't know,No,No,Don't know,,Don't know,Yes,No,No,No,No,Maybe,Don't know
27-08-2014 14:10,35,male,india,AP,No,Yes,Yes,Sometimes,,No,Yes,Yes,Yes,No,No,,Somewhat difficult,Yes,No,No,Some of them,No,Maybe,Don't know
27-08-2014 14:10,25,Male,india,AP,No,No,No,NA,,No,No,Don't know,Not sure,No,No,,Don't know,No,No,Some of them,Some of them,No,Yes,No
27-08-2014 14:11,27,Male,india,AP,No,Yes,Yes,Sometimes,,No,Yes,No,No,No,No,,Somewhat easy,Maybe,Maybe,Yes,Yes,Yes,Yes,Yes
27-08-2014 14:11,26,Female,india,AP,No,Yes,Yes,Rarely,,No,Yes,Yes,Not sure,Don't know,Don't know,,Don't know,Maybe,No,Some of them,Some of them,No,No,Don't know
27-08-2014 14:11,18,Male,india,AP,No,No,No,Never,,No,Yes,Don't know,Not sure,Don't know,Don't know,,Very easy,No,No,Some of them,Some of them,No,Maybe,Yes
27-08-2014 14:13,38,Female,india,AP,No,No,Yes,Sometimes,,No,Yes,No,Yes,No,No,,Don't know,No,Maybe,Some of them,No,No,No,Don't know
27-08-2014 14:13,26,Female,india,AP,No,Yes,Yes,Rarely,,Yes,Yes,Yes,Yes,Yes,Don't know,,Somewhat easy,Maybe,No,Some of them,No,No,No,Don't know
27-08-2014 14:13,30,Male,india,AP,Yes,No,No,Never,,No,Yes,No,No,No,No,,Somewhat easy,No,No,Yes,Yes,No,No,Yes
27-08-2014 14:14,35,male,india,AP,No,No,No,Never,,No,Yes,Don't know,No,No,Don't know,,Don't know,Yes,Maybe,Some of them,Some of them,No,No,Don't know
27-08-2014 14:15,45,male,india,AP,No,Yes,Yes,Sometimes,,No,Yes,Yes,Yes,Don't know,Don't know,,Don't know,Maybe,No,Some of them,Some of them,No,Maybe,Don't know
27-08-2014 14:15,32,Male,india,AP,No,No,No,Never,,No,Yes,Yes,No,No,Don't know,,Don't know,Maybe,No,Some of them,Some of them,No,No,Don't know
27-08-2014 14:15,56,Male,india,AP,No,No,Yes,Never,,No,Yes,Yes,Not sure,Don't know,Don't know,,Don't know,No,Maybe,Yes,Some of them,No,Maybe,Don't know
27-08-2014 14:16,24,Female,india,AP,No,No,No,NA,,No,Yes,Don't know,Not sure,No,Don't know,,Don't know,Maybe,Maybe,Some of them,No,No,Maybe,No
27-08-2014 14:18,30,F,india,AP,No,Yes,Yes,Sometimes,,No,Yes,Yes,Yes,Yes,Don't know,,Very easy,No,No,Yes,Yes,No,Yes,Yes
27-08-2014 14:18,60,male,india,AP,No,No,No,NA,,No,Yes,Yes,No,Don't know,Yes,,Don't know,No,No,Some of them,Yes,Maybe,Maybe,Yes
27-08-2014 14:18,33,Male,india,AP,No,Yes,Yes,Sometimes,,No,Yes,Yes,No,Yes,Yes,,Don't know,Yes,No,No,No,No,Maybe,Don't know
27-08-2014 14:19,37,M,india,AP,No,No,No,Never,,No,Yes,Yes,Yes,Yes,Yes,,Don't know,No,No,Some of them,Yes,Maybe,Maybe,Don't know
27-08-2014 14:19,23,Female,india,AP,No,No,Yes,Sometimes,,No,Yes,Yes,Yes,Yes,Yes,,Don't know,No,No,Some of them,Some of them,No,No,Yes
27-08-2014 14:20,31,f,india,AP,No,No,Yes,Sometimes,,No,Yes,Yes,Not sure,Don't know,Don't know,,Somewhat easy,No,No,Yes,Yes,No,No,Yes
27-08-2014 14:20,26,Male,india,AP,No,No,No,Rarely,,No,Yes,Yes,Not sure,No,Don't know,,Don't know,No,No,Some of them,Yes,No,Maybe,Don't know
27-08-2014 14:21,28,female,india,AP,No,Yes,Yes,Often,,Yes,No,Yes,Yes,Yes,Yes,,Somewhat easy,Yes,No,Some of them,Yes,No,No,Yes
27-08-2014 14:21,37,F,india,AP,No,No,Yes,Rarely,,No,Yes,Yes,Yes,Don't know,Yes,,Somewhat easy,No,No,Some of them,Yes,No,No,Yes
27-08-2014 14:22,26,male,india,AP,No,Yes,Yes,Often,,No,Yes,Yes,No,No,Don't know,,Don't know,Maybe,No,Some of them,Some of them,Maybe,Maybe,Yes
27-08-2014 14:22,30,f,india,AP,No,Yes,Yes,Rarely,,No,Yes,Yes,Not sure,No,No,,Somewhat easy,Maybe,No,Some of them,Yes,No,No,Don't know
27-08-2014 14:22,26,M,india,AP,No,No,No,NA,,No,Yes,No,No,No,No,,Don't know,No,No,Some of them,Some of them,No,No,Don't know
27-08-2014 14:22,25,Male,india,TN,No,No,No,NA,,Yes,Yes,Don't know,Not sure,No,Don't know,,Don't know,No,No,Some of them,Yes,No,No,Don't know
27-08-2014 14:23,27,Male,india,TN,No,No,No,Sometimes,,No,Yes,Yes,Not sure,Yes,Yes,,Don't know,Maybe,No,Some of them,Yes,No,Maybe,Don't know
27-08-2014 14:23,25,Male,india,TN,No,No,Yes,Often,,Yes,No,Don't know,No,No,Don't know,,Somewhat difficult,Yes,Maybe,No,No,No,Maybe,Don't know
27-08-2014 14:24,35,male,india,TN,No,No,Yes,Rarely,,No,Yes,Yes,Not sure,Don't know,Yes,,Don't know,No,No,Some of them,Yes,No,No,Don't know
27-08-2014 14:25,36,Male,india,TN,Yes,No,Yes,Never,,No,Yes,No,Yes,No,No,,Somewhat easy,Maybe,No,Some of them,Yes,No,No,Yes
27-08-2014 14:25,26,Male,india,TN,No,Yes,Yes,Sometimes,,No,Yes,Yes,Not sure,No,Don't know,,Don't know,Yes,No,No,No,No,No,No
27-08-2014 14:26,27,Male,india,TN,No,Yes,No,NA,,No,Yes,Don't know,No,Don't know,Don't know,,Very easy,No,No,Yes,Yes,Maybe,Maybe,Yes
27-08-2014 14:27,30,male,india,TN,No,No,No,NA,,No,No,Don't know,Not sure,No,Don't know,,Don't know,Maybe,Maybe,Some of them,Some of them,No,No,Don't know
27-08-2014 14:27,29,M,india,TN,No,No,No,NA,,No,No,Don't know,Not sure,No,Don't know,,Don't know,Maybe,No,No,No,No,Maybe,Don't know
27-08-2014 14:27,25,Male,india,TN,No,No,No,Never,,No,No,Yes,Yes,Yes,Yes,,Very easy,No,No,Some of them,Yes,Maybe,Maybe,Yes
27-08-2014 14:27,22,Female,india,TN,No,Yes,Yes,Often,,No,Yes,Yes,Yes,Yes,Yes,,Somewhat easy,Maybe,No,No,Some of them,No,No,Yes
27-08-2014 14:28,29,male,india,TN,No,No,No,NA,,No,Yes,No,Yes,No,No,,Somewhat easy,Maybe,Maybe,Some of them,Some of them,No,No,Don't know
27-08-2014 14:28,41,Male,india,TN,No,Yes,Yes,Rarely,,Yes,Yes,Yes,Yes,Don't know,Yes,,Somewhat easy,No,No,Some of them,Yes,Maybe,Maybe,Yes
27-08-2014 14:28,29,Male,india,TN,No,No,Yes,Sometimes,,No,Yes,Yes,No,No,Don't know,,Don't know,Yes,No,Some of them,Some of them,No,Maybe,No
27-08-2014 14:28,32,Male,india,TN,No,No,No,Never,,No,Yes,Yes,Not sure,Don't know,Yes,,Somewhat easy,No,No,Some of them,Yes,Maybe,Maybe,Yes
27-08-2014 14:28,24,female,india,TN,No,Yes,Yes,Sometimes,,No,Yes,Yes,Yes,No,Yes,,Don't know,Maybe,No,Some of them,No,No,Maybe,Don't know
27-08-2014 14:29,25,Male,india,TN,No,No,Yes,Rarely,,No,Yes,Yes,No,Don't know,No,,Don't know,Maybe,No,No,No,No,No,Don't know
27-08-2014 14:30,25,m,india,TN,No,No,No,NA,,No,Yes,Don't know,Not sure,Don't know,Don't know,,Don't know,Maybe,No,No,No,No,Maybe,Don't know
27-08-2014 14:31,30,Female,india,TN,No,No,No,Never,,No,Yes,Yes,Yes,Yes,Yes,,Somewhat easy,Maybe,Maybe,No,Some of them,No,No,Don't know
27-08-2014 14:31,25,Male,india,TN,No,Yes,Yes,Sometimes,,No,Yes,Don't know,Not sure,Don't know,Yes,,Don't know,No,No,Yes,Yes,No,No,Yes
27-08-2014 14:31,30,Male,india,TN,Yes,No,No,Never,,Yes,Yes,No,Yes,No,No,,Don't know,Maybe,No,Some of them,Some of them,No,Maybe,Don't know
27-08-2014 14:32,33,male,india,TN,Yes,Yes,Yes,Rarely,,No,No,No,No,No,No,,Somewhat difficult,Yes,Yes,No,No,Maybe,No,Yes
27-08-2014 14:32,24,Male,india,TN,No,No,No,NA,,No,Yes,Yes,Not sure,Yes,Yes,,Very easy,No,No,Some of them,Some of them,No,Maybe,Yes
27-08-2014 14:33,25,Male,india,TN,No,Yes,Yes,Sometimes,,No,Yes,Yes,Yes,No,Don't know,,Don't know,Yes,Maybe,Some of them,No,No,No,No
27-08-2014 14:34,31,Male,india,TN,No,No,No,NA,,No,No,Don't know,No,No,No,,Somewhat easy,Maybe,No,No,No,No,Yes,No
27-08-2014 14:37,45,Male,india,TN,Yes,No,Yes,Often,,No,Yes,No,No,No,No,,Very difficult,No,No,No,No,No,No,Don't know
27-08-2014 14:37,29,m,india,TN,No,No,No,NA,,Yes,No,No,Yes,No,No,,Don't know,Maybe,Maybe,Some of them,Some of them,Maybe,Maybe,No
27-08-2014 14:37,46,M,india,TN,No,No,No,Never,,No,Yes,Yes,Not sure,Yes,Don't know,,Very easy,No,No,Some of them,Some of them,Maybe,Maybe,Don't know
27-08-2014 14:38,30,Male,india,TN,No,No,Yes,Sometimes,,No,Yes,Don't know,No,No,Don't know,,Don't know,Yes,Maybe,No,No,No,Maybe,Don't know
27-08-2014 14:38,29,F,india,TN,Yes,No,No,Sometimes,,No,Yes,Yes,Not sure,Don't know,No,,Very easy,Maybe,Maybe,Some of them,Some of them,No,No,Don't know
27-08-2014 14:38,24,Male,india,TN,No,No,No,NA,,No,Yes,Yes,Yes,Don't know,Don't know,,Don't know,Yes,No,No,No,No,Maybe,Don't know
27-08-2014 14:38,29,male,india,TN,No,No,No,NA,,No,Yes,Yes,Yes,Yes,Yes,,Very easy,No,No,Some of them,Yes,No,Maybe,Yes
27-08-2014 14:38,35,Male,india,TN,No,No,No,NA,,No,No,Don't know,Not sure,No,Don't know,,Don't know,No,No,Yes,Yes,No,No,No
27-08-2014 14:39,33,f,india,TN,No,Yes,No,Sometimes,,Yes,Yes,No,Yes,No,No,,Very difficult,Yes,Maybe,Some of them,Some of them,No,Maybe,No
27-08-2014 14:39,27,Male,india,TN,No,No,No,Sometimes,,No,Yes,Don't know,Not sure,Don't know,Don't know,,Very easy,Yes,No,No,No,No,Maybe,No
27-08-2014 14:41,36,Male,india,TN,No,No,No,NA,,No,Yes,Don't know,Not sure,Don't know,Don't know,,Don't know,Maybe,No,Some of them,Some of them,No,No,Don't know
27-08-2014 14:41,33,Male,india,TN,No,No,No,Rarely,,Yes,Yes,Don't know,No,No,No,,Don't know,Yes,Maybe,No,No,No,Maybe,No
27-08-2014 14:44,25,F,india,TN,No,Yes,Yes,Sometimes,,No,Yes,Yes,Yes,No,No,,Don't know,No,No,Some of them,Yes,No,No,Don't know
27-08-2014 14:45,23,Male,india,TN,No,Yes,Yes,Sometimes,,No,No,Don't know,No,No,No,,Don't know,No,No,Yes,Yes,Maybe,Yes,Don't know
27-08-2014 14:45,54,M,india,TN,No,Yes,Yes,Never,,No,Yes,Don't know,No,Yes,Yes,,Don't know,No,No,No,Yes,No,No,Don't know
27-08-2014 14:47,22,Male,india,TN,No,No,No,Sometimes,,No,Yes,Don't know,No,Don't know,Don't know,,Don't know,Maybe,No,Some of them,No,No,Maybe,Don't know
27-08-2014 14:47,25,non-binary,india,TN,No,Yes,Yes,Sometimes,,No,Yes,Yes,Yes,Don't know,Don't know,,Don't know,Maybe,No,Some of them,Some of them,No,No,Yes
27-08-2014 14:49,29,Male,india,TN,No,No,No,Often,,No,No,Don't know,No,No,No,,Don't know,Maybe,No,Yes,Yes,Maybe,Maybe,Don't know
27-08-2014 14:49,27,Male,india,TN,No,No,Yes,Sometimes,,No,Yes,Yes,Yes,Yes,Yes,,Don't know,No,No,No,No,No,Yes,Yes
27-08-2014 14:51,30,Male,india,TN,No,No,No,Never,,No,Yes,No,No,No,Don't know,,Very easy,No,No,Some of them,Yes,No,Maybe,Yes
27-08-2014 14:52,26,male,india,TN,No,Yes,Yes,Often,,No,Yes,Yes,Not sure,Don't know,Yes,,Don't know,Maybe,No,Some of them,No,No,No,Don't know
27-08-2014 14:52,25,Female,india,TN,No,Yes,No,Sometimes,,No,Yes,Yes,Yes,Yes,No,,Somewhat easy,No,No,Some of them,Yes,No,No,No
27-08-2014 14:53,31,Male,india,TN,No,No,Yes,Sometimes,,No,No,No,Yes,No,Don't know,,Don't know,No,No,Some of them,No,No,No,No
27-08-2014 14:54,33,M,india,TN,No,Yes,Yes,Sometimes,,No,Yes,Don't know,Not sure,No,No,,Don't know,Maybe,No,Some of them,Some of them,No,No,Don't know
27-08-2014 14:54,34,M,india,TN,No,Yes,Yes,Sometimes,,No,Yes,Yes,Yes,Don't know,Yes,,Don't know,Maybe,Maybe,No,No,No,No,Don't know
27-08-2014 14:57,34,Male,india,TN,No,No,Yes,Sometimes,,Yes,Yes,No,No,No,No,,Somewhat easy,Yes,Yes,Some of them,Some of them,No,Maybe,Don't know
27-08-2014 14:58,29,M,india,TN,Yes,No,No,NA,,Yes,Yes,No,Yes,No,No,,Very easy,No,No,Yes,Yes,Maybe,Maybe,Yes
27-08-2014 14:59,33,Femake,india,TN,No,No,No,NA,,No,Yes,No,No,No,No,,Somewhat difficult,Maybe,No,Some of them,Some of them,No,No,Don't know
27-08-2014 15:03,34,male,india,TN,Yes,Yes,Yes,Rarely,,Yes,Yes,No,No,No,Don't know,,Somewhat difficult,No,No,Yes,Yes,No,Maybe,Yes
27-08-2014 15:04,26,male,india,TN,Yes,Yes,Yes,Rarely,,Yes,No,No,No,No,Don't know,,Don't know,Maybe,No,Some of them,Yes,No,Yes,No
27-08-2014 15:05,32,Male,india,TN,No,Yes,Yes,Rarely,,No,No,Yes,Yes,Yes,Yes,,Don't know,No,No,Some of them,Yes,No,Yes,Yes
27-08-2014 15:05,329,Male,india,TN,No,No,Yes,Often,,Yes,Yes,Yes,Yes,No,No,,Don't know,Maybe,No,Some of them,No,No,No,No
27-08-2014 15:09,28,Male,india,TN,No,Yes,Yes,Sometimes,,No,Yes,Don't know,Not sure,No,Don't know,,Somewhat difficult,Maybe,Maybe,No,No,No,No,No
27-08-2014 15:11,35,Male,india,TN,No,Yes,No,NA,,No,Yes,Yes,No,Yes,Yes,,Very easy,No,No,Some of them,Yes,No,No,Don't know
27-08-2014 15:13,36,Male,india,TN,No,Yes,Yes,Often,,No,Yes,No,Yes,No,No,,Very easy,No,No,Some of them,Some of them,No,No,Don't know
27-08-2014 15:14,21,Male,india,TN,No,Yes,Yes,Rarely,,No,Yes,Yes,No,No,Don't know,,Don't know,No,No,Yes,Yes,Maybe,Maybe,Don't know
27-08-2014 15:15,21,Male,india,TN,No,No,Yes,Sometimes,,No,No,Don't know,Not sure,No,No,,Very easy,Yes,No,Some of them,No,No,Maybe,No
27-08-2014 15:15,22,F,india,TN,No,No,No,NA,,No,Yes,Yes,No,Yes,Yes,,Somewhat easy,No,No,No,Some of them,No,No,Yes
27-08-2014 15:20,41,m,india,TN,No,Yes,Yes,Often,,No,Yes,Yes,No,Yes,Yes,,Somewhat difficult,Maybe,No,Yes,Some of them,No,Maybe,No
27-08-2014 15:21,55,M,india,TN,No,Yes,Yes,Rarely,,No,Yes,Yes,Yes,Yes,Yes,,Very easy,No,No,Yes,Yes,No,No,Yes
27-08-2014 15:22,32,F,india,TN,No,No,Yes,Sometimes,,No,Yes,Yes,Yes,Yes,Yes,,Somewhat easy,Maybe,No,Some of them,Yes,No,Maybe,Yes
27-08-2014 15:22,21,F,india,TN,No,Yes,Yes,Rarely,,No,Yes,Don't know,Not sure,Don't know,No,,Somewhat easy,Yes,No,Some of them,No,No,Yes,Don't know
27-08-2014 15:22,45,M,india,TN,No,No,Yes,Never,,Yes,Yes,Yes,Yes,Don't know,Don't know,,Don't know,Maybe,No,No,Some of them,No,Maybe,Don't know
27-08-2014 15:22,27,female,india,TN,No,No,Yes,Rarely,,No,Yes,Yes,Yes,No,No,,Don't know,Yes,Maybe,No,No,No,No,No
27-08-2014 15:22,25,Female,india,TN,No,Yes,Yes,Sometimes,,Yes,Yes,Don't know,No,No,No,,Don't know,Maybe,No,Some of them,Yes,No,No,Yes
27-08-2014 15:22,34,woman,india,TN,No,Yes,Yes,Rarely,,No,No,Yes,Yes,Yes,Yes,,Very difficult,Maybe,Maybe,Some of them,Some of them,No,No,Yes
27-08-2014 15:23,26,F,india,TN,No,Yes,Yes,Never,,No,Yes,Yes,Yes,No,Yes,,Don't know,Maybe,No,No,No,No,No,Don't know
27-08-2014 15:23,41,Male,india,TN,No,No,Yes,Never,,No,Yes,Yes,Not sure,No,Don't know,,Somewhat easy,No,No,Some of them,Some of them,No,No,Don't know
27-08-2014 15:23,27,Male,india,TN,No,No,Yes,Rarely,,No,Yes,Yes,No,Yes,Yes,,Don't know,No,No,Some of them,Yes,No,Maybe,Yes
27-08-2014 15:23,31,Make,india,TN,No,Yes,Yes,Sometimes,,Yes,Yes,Yes,No,No,No,,Don't know,No,No,Yes,Yes,No,No,Don't know
27-08-2014 15:23,25,Male,india,TN,No,Yes,Yes,Often,,Yes,Yes,No,No,No,No,,Somewhat easy,No,No,Yes,Yes,No,Yes,No
27-08-2014 15:23,26,M,india,TN,No,No,Yes,Sometimes,,No,Yes,Don't know,No,No,No,,Don't know,Yes,Yes,Some of them,No,No,No,No
27-08-2014 15:23,27,female,india,TN,No,Yes,Yes,Rarely,,Yes,Yes,Yes,Yes,No,Don't know,,Don't know,Maybe,Maybe,No,Yes,No,No,Don't know
27-08-2014 15:23,42,Male,india,TN,No,No,No,Never,,No,Yes,Don't know,Not sure,No,No,,Don't know,No,No,Some of them,Yes,Maybe,Maybe,Don't know
27-08-2014 15:24,29,Nah,india,TN,Yes,Yes,Yes,Sometimes,,Yes,Yes,Yes,Yes,No,No,,Very difficult,Yes,No,Some of them,No,No,Maybe,No
27-08-2014 15:24,25,female,india,TN,No,No,Yes,Sometimes,,No,Yes,Don't know,Not sure,No,No,,Somewhat difficult,Yes,No,Some of them,No,No,Maybe,Don't know
27-08-2014 15:24,33,Female,india,TN,No,Yes,Yes,Rarely,,No,Yes,Yes,Yes,No,Yes,,Don't know,Maybe,No,Some of them,No,No,Yes,Don't know
27-08-2014 15:24,99999999999,All,india,TN,Yes,Yes,Yes,Often,,No,Yes,No,Yes,No,No,,Very difficult,Yes,Yes,No,No,Yes,No,No
27-08-2014 15:24,40,female,india,TN,No,Yes,Yes,Rarely,,No,No,Yes,No,Don't know,Don't know,,Somewhat easy,Maybe,Maybe,No,No,No,No,Don't know
27-08-2014 15:24,31,Male,india,TN,No,No,No,Never,,No,Yes,Don't know,No,No,Don't know,,Somewhat easy,Yes,No,Some of them,No,No,No,Don't know
27-08-2014 15:24,26,Male,india,TN,No,Yes,Yes,Often,,Yes,Yes,Don't know,No,Don't know,Don't know,,Very easy,No,No,Yes,Yes,No,No,Yes
27-08-2014 15:24,24,female,india,TN,No,Yes,No,NA,,No,No,No,No,No,No,,Very difficult,Yes,Maybe,No,No,No,Maybe,No
27-08-2014 15:25,29,Male,india,TN,No,No,No,Never,,No,No,Yes,Not sure,No,Don't know,,Don't know,Maybe,No,Some of them,Some of them,No,No,Don't know
27-08-2014 15:25,48,M,india,TN,No,No,No,NA,,No,Yes,Don't know,No,No,No,,Don't know,Maybe,Maybe,No,No,No,No,No
27-08-2014 15:25,35,Male,india,TN,No,No,No,Sometimes,,No,Yes,No,No,No,No,,Very difficult,Maybe,Maybe,Some of them,Yes,No,Maybe,No
27-08-2014 15:25,32,female,india,TN,No,No,No,Never,,No,Yes,Don't know,Not sure,No,No,,Don't know,Maybe,No,No,Some of them,No,Maybe,Don't know
27-08-2014 15:25,29,Male,india,TN,No,No,Yes,Sometimes,,No,Yes,Don't know,Not sure,Don't know,Don't know,,Somewhat easy,Maybe,No,Some of them,Some of them,No,Maybe,Yes
27-08-2014 15:26,26,Male,india,TN,No,Yes,Yes,Often,,No,Yes,Yes,Yes,No,No,,Somewhat difficult,Maybe,No,Some of them,Yes,No,No,No
27-08-2014 15:26,28,Male,india,TN,No,Yes,Yes,Sometimes,,No,Yes,Yes,Yes,No,No,,Don't know,Maybe,No,Some of them,No,No,Maybe,No
27-08-2014 15:26,23,male,india,TN,No,No,No,NA,,No,Yes,Don't know,No,No,Don't know,,Don't know,No,No,Some of them,Yes,No,Maybe,No
27-08-2014 15:26,35,M,india,TN,No,Yes,Yes,Sometimes,,No,Yes,Yes,Yes,No,No,,Very difficult,Maybe,Maybe,Some of them,Some of them,No,Maybe,No
27-08-2014 15:27,29,male,india,TN,No,Yes,Yes,Sometimes,,No,Yes,Don't know,No,No,No,,Very easy,Maybe,No,Some of them,Some of them,Maybe,Maybe,Don't know
27-08-2014 15:27,26,Male,india,TN,No,Yes,No,NA,,No,Yes,Yes,Yes,No,Yes,,Very easy,No,No,Some of them,Yes,Maybe,Maybe,No
27-08-2014 15:27,33,Male,india,TN,No,Yes,Yes,Never,,Yes,Yes,Yes,Yes,Yes,Yes,,Don't know,Yes,Maybe,Yes,Some of them,No,No,Yes
27-08-2014 15:27,33,Male,india,TN,No,No,No,NA,,Yes,Yes,Don't know,No,Don't know,Don't know,,Don't know,Yes,No,Some of them,No,No,Maybe,Yes
27-08-2014 15:28,22,Male,india,TN,Yes,No,No,Never,,Yes,Yes,Don't know,No,No,No,,Somewhat easy,No,No,Yes,Yes,Maybe,No,Don't know
27-08-2014 15:28,30,female,india,TN,No,Yes,No,NA,,No,Yes,No,No,No,No,,Don't know,Yes,Maybe,No,No,No,No,Don't know
27-08-2014 15:29,33,male,india,TN,No,Yes,Yes,Often,,Yes,Yes,Yes,Yes,No,No,,Somewhat easy,Yes,No,No,No,No,No,No
27-08-2014 15:29,31,Female,india,TN,No,Yes,Yes,Rarely,,No,No,Don't know,Not sure,No,Don't know,,Very difficult,Yes,Maybe,No,No,No,Maybe,No
27-08-2014 15:29,21,male,india,TN,No,Yes,No,Never,,No,Yes,Don't know,Not sure,Don't know,Don't know,,Don't know,No,No,Some of them,Some of them,No,Maybe,Don't know
27-08-2014 15:30,31,Enby,india,TN,No,Yes,Yes,Sometimes,,No,Yes,Don't know,No,No,No,,Don't know,Yes,Maybe,No,No,No,Yes,Yes
27-08-2014 15:31,26,F,india,TN,No,No,Yes,Sometimes,,Yes,Yes,Don't know,Not sure,Don't know,Don't know,,Somewhat difficult,No,No,Some of them,Some of them,No,No,Yes
27-08-2014 15:31,30,Male,india,TN,No,Yes,No,Often,,No,Yes,Don't know,No,No,Don't know,,Somewhat easy,Maybe,No,Some of them,Yes,No,No,Don't know
27-08-2014 15:31,30,fluid,india,TN,No,Yes,Yes,Sometimes,,No,Yes,Don't know,Not sure,No,No,,Somewhat difficult,No,No,Yes,Yes,Maybe,Maybe,No
27-08-2014 15:31,23,Male,India,TN,No,No,No,NA,,No,Yes,No,No,No,No,,Don't know,No,No,Some of them,Yes,Maybe,Maybe,No
27-08-2014 15:31,34,Male,india,TN,No,No,No,Never,,No,Yes,No,No,No,No,,Somewhat easy,No,No,Yes,Yes,No,Maybe,Don't know
27-08-2014 15:31,55,M,india,TN,No,Yes,Yes,Sometimes,,Yes,Yes,No,Yes,No,Don't know,,Don't know,Yes,Maybe,No,No,No,No,No
27-08-2014 15:32,28,male,india,TN,No,Yes,Yes,Rarely,,Yes,Yes,Yes,No,No,No,,Very easy,No,No,Yes,Yes,No,No,Yes
27-08-2014 15:32,26,M,india,TN,No,No,No,NA,,Yes,Yes,Don't know,No,Don't know,No,,Don't know,No,No,Some of them,No,No,Yes,Don't know
27-08-2014 15:32,28,Male,india,TN,No,Yes,Yes,Sometimes,,Yes,Yes,Yes,Yes,Yes,No,,Very easy,No,No,Yes,Yes,Yes,Yes,Yes
27-08-2014 15:34,32,Male,india,TN,No,Yes,Yes,Sometimes,,No,Yes,No,No,No,Don't know,,Somewhat easy,No,No,Some of them,Yes,No,No,Don't know
27-08-2014 15:34,28,Female,india,TN,No,No,Yes,Rarely,,No,No,Yes,Yes,No,Don't know,,Don't know,Maybe,No,No,No,No,No,Don't know
27-08-2014 15:34,21,M,india,TN,No,No,No,Sometimes,,No,No,Don't know,Not sure,No,Yes,,Don't know,No,No,Some of them,Some of them,Maybe,Maybe,Yes
27-08-2014 15:35,24,Male,india,TN,No,Yes,Yes,Sometimes,,No,Yes,No,Yes,No,No,,Somewhat difficult,Yes,No,Some of them,Some of them,No,Maybe,No
27-08-2014 15:35,26,Female,india,TN,No,No,No,NA,,No,No,Yes,Not sure,Yes,Don't know,,Don't know,Maybe,No,Some of them,No,No,No,Don't know
27-08-2014 15:35,23,Male,india,TN,No,No,No,NA,,No,No,Yes,No,No,No,,Don't know,No,No,Yes,No,No,Yes,Don't know
27-08-2014 15:36,24,Female,india,TN,No,No,No,NA,,No,Yes,Yes,Yes,Yes,Yes,,Somewhat easy,No,No,Some of them,Some of them,Yes,Yes,Yes
27-08-2014 15:36,28,Male,india,TN,Yes,No,No,Never,,Yes,Yes,Don't know,No,No,No,,Somewhat easy,Maybe,No,Some of them,Yes,No,No,Yes
27-08-2014 15:38,24,F,india,TN,No,Yes,Yes,Rarely,,No,Yes,No,No,No,No,,Very easy,Yes,No,No,Some of them,No,Yes,Yes
27-08-2014 15:38,33,male,india,TN,Yes,No,Yes,Often,,Yes,Yes,No,No,No,No,,Somewhat easy,Yes,Maybe,Some of them,Some of them,Yes,Yes,Don't know
27-08-2014 15:38,34,male,india,TN,No,No,No,Sometimes,,No,Yes,Don't know,No,No,No,,Don't know,Maybe,No,Yes,Yes,No,Maybe,Don't know
27-08-2014 15:38,27,female,india,TN,No,No,Yes,Sometimes,,No,Yes,Don't know,Not sure,No,No,,Somewhat difficult,Maybe,Maybe,Some of them,Some of them,No,No,Don't know
27-08-2014 15:38,28,Male,india,TN,No,No,No,Never,,No,Yes,Don't know,No,No,Don't know,,Don't know,No,No,Some of them,Yes,No,No,Don't know
27-08-2014 15:39,26,Male,india,TN,No,No,No,NA,,No,Yes,Don't know,Not sure,Don't know,Don't know,,Don't know,No,No,Some of them,Yes,No,No,Don't know
27-08-2014 15:40,20,Male,india,TN,No,No,No,NA,,Yes,Yes,Don't know,Not sure,Don't know,Don't know,,Very easy,No,No,Some of them,Yes,No,No,Don't know
27-08-2014 15:43,23,female,india,TN,No,No,Yes,Sometimes,,No,Yes,Yes,Yes,No,Don't know,,Don't know,Maybe,No,Some of them,No,No,Maybe,Don't know
27-08-2014 15:43,29,Male,india,TN,No,Yes,Yes,Rarely,,Yes,Yes,Yes,Yes,Yes,Yes,,Somewhat easy,No,No,Yes,Yes,Maybe,Maybe,Yes
27-08-2014 15:43,26,Male,india,TN,No,Yes,No,Sometimes,,No,Yes,No,No,No,No,,Don't know,Maybe,Maybe,No,No,No,Maybe,No
27-08-2014 15:43,36,Male,india,TN,No,No,No,Rarely,,Yes,Yes,Yes,No,Yes,Don't know,,Somewhat easy,Maybe,No,No,No,No,No,Don't know
27-08-2014 15:44,41,m,india,TN,No,No,Yes,Sometimes,,No,Yes,Yes,Yes,Yes,Yes,,Don't know,Maybe,No,Some of them,Yes,Maybe,Yes,Yes
27-08-2014 15:44,33,female,india,TN,No,No,No,NA,,Yes,Yes,Yes,No,Don't know,No,,Don't know,No,No,Some of them,Yes,No,No,Yes
27-08-2014 15:46,23,M,india,TN,No,Yes,Yes,Sometimes,,No,Yes,Yes,Yes,No,No,,Very easy,No,No,Yes,Yes,No,No,Yes
27-08-2014 15:46,39,Male,india,TN,No,Yes,No,Often,,No,Yes,Yes,No,No,Don't know,,Don't know,Yes,No,Some of them,Some of them,No,Maybe,No
27-08-2014 15:47,34,M,india,TN,No,Yes,No,NA,,No,Yes,Yes,Not sure,Don't know,Don't know,,Don't know,Maybe,No,Some of them,Some of them,No,Maybe,Don't know
27-08-2014 15:47,26,F,india,TN,No,No,Yes,Sometimes,,No,Yes,Yes,Yes,No,No,,Somewhat difficult,Yes,Maybe,Some of them,Some of them,No,No,No
27-08-2014 15:50,24,Male,india,TN,No,No,Yes,Rarely,,No,Yes,Yes,Yes,Yes,No,,Don't know,No,No,Some of them,Yes,No,No,Don't know
27-08-2014 15:51,37,Male,india,TN,No,Yes,Yes,Rarely,,No,No,Yes,Yes,Yes,Yes,,Don't know,Maybe,Maybe,Some of them,Some of them,No,No,Don't know
27-08-2014 15:53,43,Male,india,TN,Yes,Yes,Yes,Often,,Yes,Yes,Yes,Yes,No,No,,Very easy,No,No,Yes,Yes,Maybe,Maybe,Yes
27-08-2014 15:53,40,Genderqueer,india,TN,No,Yes,No,Never,,No,Yes,Yes,Yes,Yes,Don't know,,Don't know,Yes,Maybe,No,Some of them,No,Maybe,Yes
27-08-2014 15:54,30,male,india,TN,No,Yes,Yes,Often,,No,Yes,Yes,Yes,Yes,No,,Very difficult,Yes,No,Some of them,No,No,No,No
27-08-2014 15:55,34,M,india,TN,No,No,Yes,Sometimes,,No,Yes,Don't know,Not sure,No,No,,Don't know,Yes,Yes,Some of them,No,No,No,Don't know
27-08-2014 15:55,27,Male,india,TN,No,Yes,Yes,Sometimes,,No,Yes,Don't know,Not sure,No,Don't know,,Don't know,Yes,No,No,No,No,Yes,Don't know
27-08-2014 15:55,36,Male,india,TN,No,No,No,Sometimes,,No,Yes,Don't know,No,No,No,,Somewhat easy,No,No,Yes,Yes,Maybe,Yes,Don't know
27-08-2014 15:56,27,Male,india,TN,No,No,No,Rarely,,No,Yes,No,Yes,No,No,,Somewhat easy,Maybe,No,Some of them,Some of them,No,Maybe,No
27-08-2014 15:58,35,Male,india,TN,No,Yes,No,Never,,No,Yes,Yes,No,No,No,,Don't know,Yes,No,No,No,No,Maybe,Don't know
27-08-2014 15:59,32,Male,india,TN,No,No,No,Never,,No,Yes,No,No,No,No,,Don't know,Maybe,No,Some of them,No,No,Yes,Yes
27-08-2014 15:59,37,M,india,TN,No,No,No,NA,,No,Yes,Yes,No,No,No,,Don't know,Maybe,Maybe,Some of them,Some of them,No,No,Don't know
27-08-2014 16:00,29,Male,india,TN,No,No,No,NA,,No,Yes,Don't know,No,Don't know,Don't know,,Don't know,No,No,Some of them,Yes,Maybe,Maybe,Yes
27-08-2014 16:01,33,Female ,india,TN,No,No,No,Never,,No,Yes,Yes,Not sure,Yes,Yes,,Very easy,Maybe,No,Some of them,Yes,No,No,Yes
27-08-2014 16:01,28,Make,india,TN,No,No,No,Sometimes,,Yes,Yes,No,Yes,No,No,,Somewhat easy,Yes,Maybe,Some of them,No,No,No,Don't know
27-08-2014 16:02,26,Female,india,TN,No,Yes,No,Never,,No,Yes,Don't know,Not sure,No,No,,Somewhat difficult,Maybe,Maybe,Some of them,No,No,Maybe,No
27-08-2014 16:03,27,M,india,TN,No,Yes,Yes,Sometimes,,Yes,Yes,Don't know,No,Yes,Don't know,,Somewhat easy,Yes,No,Some of them,Yes,No,Maybe,Yes
27-08-2014 16:04,38,Male,india,TN,Yes,No,Yes,Sometimes,,Yes,Yes,No,No,No,No,,Somewhat easy,Maybe,Maybe,Some of them,Yes,No,Maybe,Yes
27-08-2014 16:06,57,M,india,TN,No,Yes,Yes,Rarely,,No,Yes,Yes,Yes,No,No,,Don't know,Maybe,No,Some of them,Yes,No,Maybe,No
27-08-2014 16:07,28,Male,India,TN,No,No,Yes,Sometimes,,No,Yes,No,No,No,No,,Very difficult,Yes,Maybe,No,Some of them,No,Maybe,No
27-08-2014 16:10,26,male,india,TN,No,No,No,Never,,No,Yes,No,Yes,No,No,,Don't know,Maybe,No,Yes,Yes,Maybe,Maybe,No
27-08-2014 16:11,42,f,india,TN,No,No,Yes,Rarely,,Yes,Yes,Yes,Yes,No,No,,Don't know,Yes,No,Some of them,No,No,Maybe,Don't know
27-08-2014 16:13,31,Male,india,TN,No,No,Yes,Sometimes,,Yes,Yes,Yes,Yes,Yes,Yes,,Very easy,No,No,Some of them,Yes,No,No,Yes
27-08-2014 16:13,58,Male,india,TN,No,No,Yes,Rarely,,No,Yes,Yes,Yes,Yes,Yes,,Somewhat easy,Maybe,No,Some of them,Yes,No,Yes,Yes
27-08-2014 16:13,29,Male,india,TN,No,No,No,Sometimes,,No,Yes,Don't know,No,No,No,,Very difficult,Yes,No,No,No,No,Maybe,No
27-08-2014 16:14,39,Female,india,TN,No,No,Yes,Sometimes,,No,Yes,Yes,Yes,No,Yes,,Don't know,Yes,No,Some of them,Some of them,No,Maybe,No
27-08-2014 16:14,34,Male,india,TN,No,No,No,Sometimes,,Yes,Yes,Don't know,No,No,No,,Very difficult,Maybe,No,Some of them,Yes,No,Maybe,Don't know
27-08-2014 16:15,57,Male,india,TN,No,No,Yes,Sometimes,,No,Yes,Yes,Not sure,Yes,Yes,,Don't know,Maybe,Maybe,No,No,No,Maybe,Don't know
27-08-2014 16:15,27,Male,india,TN,No,Yes,Yes,Sometimes,,No,Yes,No,Not sure,No,No,,Somewhat difficult,Yes,Maybe,Some of them,No,No,No,No
27-08-2014 16:16,23,male,india,TN,Yes,Yes,Yes,Often,,Yes,Yes,Don't know,No,Don't know,Don't know,,Don't know,No,Maybe,Yes,Yes,Maybe,Yes,Don't know
27-08-2014 16:16,18,male,india,TN,No,No,No,NA,,Yes,No,Don't know,No,No,Don't know,,Very easy,Yes,No,No,No,No,Maybe,Don't know
27-08-2014 16:17,30,female,india,TN,No,No,No,NA,,No,Yes,Don't know,Not sure,No,No,,Don't know,Maybe,No,Some of them,Yes,No,Maybe,Don't know
27-08-2014 16:17,23,Male,india,TN,No,No,No,Never,,No,No,Don't know,Not sure,Don't know,Don't know,,Don't know,No,No,Yes,Yes,Maybe,Yes,Yes
27-08-2014 16:18,43,M,india,TN,No,No,Yes,Sometimes,,No,Yes,Yes,Yes,Yes,Yes,,Somewhat easy,Yes,Maybe,No,No,No,Yes,Don't know
27-08-2014 16:19,18,Female,india,TN,No,Yes,Yes,Sometimes,,Yes,Yes,Don't know,Not sure,Don't know,Don't know,,Don't know,Maybe,Maybe,Some of them,Some of them,Maybe,Maybe,Don't know
27-08-2014 16:19,29,male,india,TN,No,No,Yes,Rarely,,No,Yes,Yes,Yes,No,No,,Don't know,Maybe,No,Some of them,No,No,Maybe,Don't know
27-08-2014 16:20,48,M,india,TN,No,No,No,Never,,No,Yes,Don't know,No,No,Don't know,,Don't know,Maybe,No,No,No,No,Maybe,Don't know
27-08-2014 16:20,43,male,india,TN,No,No,Yes,Sometimes,,No,No,No,Yes,Don't know,No,,Somewhat easy,Maybe,No,Some of them,Some of them,No,Yes,No
27-08-2014 16:21,28,Female,india,TN,No,Yes,Yes,Sometimes,,No,Yes,Don't know,Not sure,No,No,,Don't know,Yes,Maybe,Some of them,No,No,Maybe,Don't know
27-08-2014 16:21,30,Male,india,TN,Yes,Yes,Yes,Often,,Yes,Yes,No,Yes,No,No,,Very easy,No,No,Yes,Yes,No,No,Yes
27-08-2014 16:21,26,Male,india,TN,No,No,No,Sometimes,,No,Yes,No,No,No,No,,Very easy,Maybe,No,Some of them,Yes,No,Maybe,Yes
27-08-2014 16:21,33,Male,india,TN,No,No,No,Never,,No,No,No,No,No,No,,Don't know,Maybe,Maybe,Some of them,Some of them,No,No,No
27-08-2014 16:22,31,Male,india,TN,No,No,No,NA,,No,Yes,Yes,Not sure,Don't know,Don't know,,Don't know,No,No,No,Some of them,No,No,Yes
27-08-2014 16:22,30,M,india,TN,No,No,No,Rarely,,No,No,Don't know,Not sure,No,No,,Don't know,No,No,Some of them,Some of them,No,No,Don't know
27-08-2014 16:23,27,Male,india,TN,No,No,No,NA,,No,Yes,No,No,No,No,,Somewhat difficult,Yes,No,Some of them,No,No,Maybe,No
27-08-2014 16:25,24,Female,india,TN,Yes,Yes,Yes,Sometimes,,Yes,Yes,No,No,Don't know,Don't know,,Don't know,No,No,Some of them,Some of them,No,No,Don't know
27-08-2014 16:26,25,male,india,TN,No,No,No,NA,,No,Yes,Don't know,Not sure,Don't know,Don't know,,Don't know,Maybe,No,Some of them,No,No,No,Don't know
27-08-2014 16:27,23,Female,india,TN,No,Yes,Yes,Often,,No,Yes,Yes,Not sure,Don't know,No,,Don't know,Maybe,No,Some of them,Some of them,No,No,Yes
27-08-2014 16:27,36,m,india,TN,No,No,Yes,Sometimes,,No,No,Yes,Not sure,No,No,,Somewhat difficult,Yes,Maybe,Some of them,No,No,No,No
27-08-2014 16:28,25,female,india,TN,Yes,Yes,Yes,Often,,Yes,Yes,Don't know,Not sure,No,No,,Somewhat difficult,Yes,No,Some of them,No,No,Maybe,No
27-08-2014 16:28,54,Male,india,TN,No,No,Yes,Sometimes,,Yes,No,No,Yes,Yes,Yes,,Very easy,No,No,Yes,Yes,Maybe,Maybe,No
27-08-2014 16:29,34,Male,india,TN,No,No,No,Rarely,,No,Yes,Don't know,Not sure,Don't know,Don't know,,Somewhat easy,No,No,Some of them,Some of them,No,Maybe,Yes
27-08-2014 16:29,38,female,india,TN,No,No,Yes,NA,,No,Yes,Yes,Yes,No,No,,Don't know,Maybe,Maybe,No,No,No,No,No
27-08-2014 16:31,40,Male,india,TN,Yes,Yes,No,NA,,No,Yes,No,No,No,No,,Don't know,Yes,Maybe,Some of them,No,No,Maybe,No
27-08-2014 16:32,32,male,india,TN,No,No,No,NA,,No,Yes,No,Not sure,No,Don't know,,Don't know,No,No,No,Some of them,No,Maybe,Don't know
27-08-2014 16:34,25,Male,india,TN,No,No,No,Never,,No,No,Don't know,Not sure,Don't know,Yes,,Don't know,No,No,Yes,Yes,No,Yes,Don't know
27-08-2014 16:35,35,Female,india,TN,No,No,Yes,Sometimes,,No,Yes,No,Yes,No,No,,Don't know,Yes,Maybe,No,No,No,Maybe,No
27-08-2014 16:36,46,male,india,TN,No,No,Yes,Sometimes,,No,Yes,Yes,Yes,Yes,Yes,,Don't know,Maybe,No,Some of them,No,No,No,Yes
27-08-2014 16:39,42,male,india,TN,No,No,No,Never,,No,No,Yes,No,Yes,No,,Very difficult,Maybe,No,Yes,Yes,Maybe,Yes,No
27-08-2014 16:39,32,male,india,TN,No,Yes,Yes,Sometimes,,Yes,Yes,Yes,No,No,No,,Don't know,No,No,Yes,Yes,Maybe,Maybe,Yes
27-08-2014 16:40,47,M,india,TN,No,Yes,Yes,Sometimes,,No,Yes,Yes,Yes,Yes,Yes,,Very easy,No,No,Some of them,Yes,No,Yes,Yes
27-08-2014 16:42,22,Male,india,TN,No,No,No,NA,,No,Yes,Yes,Not sure,Yes,Don't know,,Don't know,No,No,Some of them,Yes,No,Maybe,Yes
27-08-2014 16:42,33,Female,india,TN,No,No,Yes,Sometimes,,Yes,Yes,Yes,Yes,Yes,Yes,,Very easy,No,No,Some of them,Some of them,No,No,Don't know
27-08-2014 16:47,25,f,india,TN,No,No,No,Sometimes,,No,Yes,No,No,No,No,,Somewhat easy,Maybe,No,Some of them,No,No,No,Yes
27-08-2014 16:53,29,M,india,TN,No,No,No,NA,,No,Yes,Don't know,Not sure,No,Don't know,,Don't know,Maybe,No,No,No,No,Maybe,Don't know
27-08-2014 16:55,39,Male,india,TN,No,No,No,Never,,No,Yes,Yes,Yes,Yes,Yes,,Very easy,No,No,Yes,Yes,No,No,Yes
27-08-2014 17:00,38,male,india,TN,No,Yes,Yes,Sometimes,,No,Yes,Yes,Not sure,Yes,Yes,,Don't know,Yes,No,No,No,No,No,No
27-08-2014 17:03,43,Male,india,TN,No,No,No,NA,,Yes,Yes,Don't know,No,No,Don't know,,Don't know,Maybe,No,Some of them,No,No,No,Don't know
27-08-2014 17:04,46,Male,india,TN,No,No,Yes,Rarely,,Yes,Yes,Yes,Not sure,Yes,Yes,,Don't know,No,No,Some of them,Yes,No,Maybe,Yes
27-08-2014 17:08,38,Female,india,TN,No,Yes,Yes,Sometimes,,No,No,Yes,Yes,Yes,Yes,,Very easy,Maybe,No,Yes,Yes,No,No,No
27-08-2014 17:09,33,Male,india,TN,No,No,Yes,Sometimes,,No,Yes,Yes,Yes,No,No,,Very easy,Yes,Yes,Some of them,Some of them,No,Maybe,No
27-08-2014 17:10,34,Male,india,TN,No,Yes,Yes,Often,,No,Yes,No,Yes,No,No,,Very easy,Maybe,Maybe,Yes,Yes,No,No,No
27-08-2014 17:12,62,M,india,TN,No,No,No,Never,,No,Yes,Yes,Yes,Don't know,Yes,,Don't know,Maybe,No,Some of them,Yes,Maybe,Maybe,Yes
27-08-2014 17:14,23,F,india,TN,No,No,No,NA,,No,No,Don't know,Not sure,Don't know,Don't know,,Don't know,Maybe,Maybe,Some of them,Some of them,No,No,Don't know
27-08-2014 17:15,35,Male,india,TN,No,No,No,NA,,No,No,No,No,No,No,,Don't know,Maybe,Maybe,No,No,No,No,No
27-08-2014 17:19,25,Male,india,TN,No,Yes,No,Rarely,,Yes,Yes,Don't know,Not sure,Don't know,Don't know,,Don't know,Maybe,Yes,No,No,No,No,Don't know
27-08-2014 17:22,36,M,india,TN,Yes,Yes,Yes,Sometimes,,Yes,Yes,Don't know,Yes,Don't know,No,,Somewhat difficult,Maybe,No,Some of them,Yes,No,Yes,Yes
27-08-2014 17:32,41,Female,india,TN,No,Yes,Yes,Rarely,,Yes,Yes,Yes,Yes,Yes,Yes,,Very easy,Maybe,Maybe,Some of them,Some of them,No,No,Yes
27-08-2014 17:33,24,male,india,TN,Yes,No,No,Sometimes,,No,Yes,Yes,Yes,Don't know,Don't know,,Somewhat easy,No,No,Some of them,Some of them,Maybe,Maybe,Yes
27-08-2014 17:33,51,Male,india,TN,No,No,Yes,Sometimes,,Yes,Yes,No,Yes,Yes,No,,Somewhat difficult,Yes,Yes,No,No,No,No,Don't know
27-08-2014 17:33,29,M,india,TN,No,No,Yes,Sometimes,,No,Yes,Yes,Yes,No,Yes,,Very easy,No,No,No,Some of them,No,No,Yes
27-08-2014 17:37,31,Female,india,TN,Yes,Yes,Yes,Sometimes,,Yes,Yes,Don't know,Not sure,Don't know,Don't know,,Don't know,Maybe,Maybe,Some of them,Yes,No,No,Yes
27-08-2014 17:39,27,Male,india,TN,No,No,No,NA,,No,Yes,No,No,No,No,,Don't know,No,No,Some of them,Yes,No,Yes,Don't know
27-08-2014 17:41,31,Male,india,TN,No,No,Yes,Rarely,,No,Yes,Yes,Yes,Yes,Yes,,Somewhat easy,No,No,Yes,Yes,Yes,Yes,No
27-08-2014 17:42,27,female,india,TN,Yes,Yes,No,Sometimes,,Yes,Yes,No,No,No,No,,Very difficult,Yes,Maybe,No,No,No,Maybe,No
27-08-2014 17:46,23,Male,india,TN,No,No,No,Rarely,,No,Yes,Don't know,No,No,Don't know,,Very easy,No,No,Some of them,Yes,Maybe,Maybe,Yes
27-08-2014 17:47,21,Male,india,TN,No,No,No,Never,,No,Yes,Don't know,Not sure,Don't know,No,,Don't know,Yes,Maybe,No,No,No,Maybe,Don't know
27-08-2014 17:48,27,Female,india,TN,No,Yes,Yes,Sometimes,,No,Yes,No,Yes,No,No,,Somewhat difficult,Yes,No,Some of them,Some of them,No,No,No
27-08-2014 17:49,39,M,india,TN,No,Yes,Yes,Often,,Yes,Yes,Yes,Yes,Yes,Yes,,Somewhat easy,Yes,No,Some of them,Yes,No,No,No
27-08-2014 17:49,26,M,india,TN,No,Yes,Yes,Never,,No,Yes,Don't know,No,No,Don't know,,Don't know,Maybe,No,No,No,No,No,No
27-08-2014 17:52,27,Male,india,TN,No,No,No,Never,,No,Yes,Don't know,No,No,No,,Don't know,Maybe,Maybe,Some of them,Some of them,No,No,Don't know
27-08-2014 17:56,22,Female,india,TN,No,Yes,Yes,Sometimes,,No,Yes,Yes,Yes,No,Don't know,,Don't know,No,No,Some of them,Some of them,No,No,No
27-08-2014 18:00,26,F,india,TN,No,Yes,Yes,Often,,No,No,Don't know,No,No,No,,Somewhat difficult,Maybe,No,No,No,No,Maybe,No
27-08-2014 18:02,31,Female,india,TN,No,Yes,Yes,Rarely,,No,Yes,Yes,Yes,No,No,,Somewhat easy,No,No,Yes,Yes,No,No,Yes
27-08-2014 18:02,32,male,india,TN,No,No,No,Never,,No,Yes,Don't know,No,No,No,,Don't know,No,No,Yes,Yes,Yes,Yes,Yes
27-08-2014 18:12,28,female,india,TN,No,Yes,Yes,Often,,Yes,Yes,Yes,No,No,Don't know,,Don't know,Yes,Yes,Some of them,Some of them,No,No,No
27-08-2014 18:13,28,Androgyne,india,TN,No,Yes,Yes,Rarely,,No,Yes,No,Not sure,No,No,,Somewhat difficult,Yes,Yes,Some of them,Some of them,Yes,No,No
27-08-2014 18:14,23,female,india,TN,No,No,No,NA,,No,Yes,Don't know,Not sure,No,No,,Very easy,Maybe,No,No,Some of them,No,Yes,Yes
27-08-2014 18:16,30,Male,india,TN,No,No,No,Never,,Yes,Yes,Don't know,Not sure,Don't know,Don't know,,Very easy,No,No,Yes,Yes,Maybe,Maybe,Yes
27-08-2014 18:18,36,Male,india,TN,No,Yes,Yes,Sometimes,,No,Yes,Yes,No,No,Yes,,Somewhat difficult,Yes,No,Some of them,Yes,No,Yes,No
27-08-2014 18:22,21,M,india,TN,No,Yes,No,NA,,No,Yes,Yes,Yes,Yes,Yes,,Don't know,No,No,Some of them,Yes,No,Maybe,Yes
27-08-2014 18:29,30,male,india,TN,No,No,No,Often,,No,Yes,No,No,Don't know,No,,Somewhat easy,Maybe,No,Some of them,Some of them,Maybe,Yes,Don't know
27-08-2014 18:39,25,Woman,india,TN,No,Yes,No,NA,,No,No,Don't know,Not sure,No,No,,Don't know,Maybe,No,Some of them,Some of them,No,Maybe,Don't know
27-08-2014 18:41,32,Male,india,TN,No,No,Yes,Sometimes,,No,Yes,No,No,No,No,,Very easy,No,No,Some of them,Yes,Maybe,Yes,Don't know
27-08-2014 18:43,29,female,india,TN,No,No,Yes,Sometimes,,No,Yes,No,No,No,No,,Don't know,Maybe,No,Some of them,Some of them,No,No,Yes
27-08-2014 18:56,21,Agender,india,TN,No,No,Yes,Sometimes,,No,Yes,No,Yes,Yes,No,,Somewhat easy,Maybe,No,Some of them,Some of them,No,No,Yes
27-08-2014 18:59,27,Female,india,TN,No,Yes,Yes,Rarely,,Yes,Yes,No,No,No,No,,Somewhat easy,Maybe,Maybe,Some of them,Some of them,No,Yes,Don't know
27-08-2014 19:05,32,Female,india,TN,No,No,Yes,Often,,No,No,Don't know,Not sure,Don't know,Don't know,,Don't know,Maybe,No,Some of them,Some of them,No,No,Don't know
27-08-2014 19:08,34,M,india,TN,No,No,No,Sometimes,,No,Yes,Yes,Yes,Yes,Yes,,Very easy,No,No,Some of them,Yes,No,Maybe,Yes
27-08-2014 19:13,33,M,india,TN,No,No,No,NA,,No,Yes,Don't know,No,Don't know,Don't know,,Don't know,Yes,No,Some of them,No,No,Maybe,Don't know
27-08-2014 19:13,22,Male,india,TN,No,Yes,Yes,Sometimes,,Yes,Yes,No,Not sure,No,Don't know,,Somewhat easy,No,No,Some of them,Yes,Maybe,Yes,Yes
27-08-2014 19:16,24,M,india,TN,No,No,No,NA,,No,Yes,Don't know,Not sure,Don't know,Don't know,,Don't know,Maybe,Maybe,Some of them,Some of them,No,No,Yes
27-08-2014 19:17,65,Male,india,TN,Yes,No,No,NA,,Yes,No,No,No,No,No,,Very easy,Maybe,No,Some of them,No,No,No,Yes
27-08-2014 19:25,27,Male,india,TN,No,Yes,Yes,Sometimes,,Yes,Yes,Don't know,No,No,Don't know,,Don't know,No,No,Some of them,No,No,No,Yes
27-08-2014 19:27,33,Male,india,TN,No,No,No,Never,,No,Yes,Don't know,Not sure,Don't know,Don't know,,Very easy,No,No,Some of them,Yes,Maybe,Yes,Yes
27-08-2014 19:28,36,Male,india,TN,No,No,Yes,Rarely,,No,Yes,Don't know,Not sure,No,Don't know,,Don't know,No,No,Some of them,Some of them,No,No,Don't know
27-08-2014 19:34,40,Male,india,TN,No,No,No,Never,,No,Yes,No,No,No,No,,Somewhat difficult,No,No,Some of them,Some of them,No,No,No
27-08-2014 19:34,28,male,india,TN,No,No,Yes,Sometimes,,No,Yes,Yes,Yes,No,No,,Somewhat difficult,Maybe,No,Some of them,No,No,Maybe,No
27-08-2014 19:38,39,Male,india,TN,No,No,Yes,Sometimes,,No,Yes,Yes,Not sure,Yes,Don't know,,Don't know,Yes,Maybe,Yes,Yes,No,Maybe,Don't know
27-08-2014 19:41,32,Male,india,TN,No,No,Yes,Sometimes,,No,Yes,Yes,No,No,Yes,,Somewhat easy,No,No,Yes,Some of them,Maybe,Yes,Don't know
27-08-2014 19:45,31,male,india,TN,No,Yes,No,Sometimes,,No,Yes,Yes,Not sure,Don't know,Don't know,,Somewhat easy,Maybe,No,No,Some of them,No,Yes,No
27-08-2014 19:59,38,Make,india,TN,No,Yes,Yes,Sometimes,,No,Yes,Don't know,No,No,No,,Don't know,Maybe,Maybe,Some of them,No,No,No,Don't know
27-08-2014 20:13,23,Male,india,TN,No,Yes,Yes,Rarely,,No,Yes,No,Yes,No,No,,Don't know,Maybe,No,Some of them,Yes,No,No,Yes
27-08-2014 20:17,42,Make,india,TN,No,No,Yes,Often,,No,Yes,Yes,Yes,Yes,Yes,,Somewhat easy,Maybe,Maybe,Yes,Yes,Maybe,Maybe,Don't know
27-08-2014 20:33,27,Female,india,TN,No,No,No,Sometimes,,No,Yes,Don't know,Not sure,Don't know,Yes,,Don't know,No,No,Some of them,Yes,No,No,Yes
27-08-2014 20:48,26,Female,india,TN,No,Yes,Yes,Sometimes,,No,Yes,Yes,Yes,No,No,,Somewhat difficult,No,No,Yes,Yes,No,No,No
27-08-2014 20:52,50,Male,india,TN,No,No,No,Never,,Yes,Yes,No,Yes,No,No,,Don't know,No,No,No,No,No,Maybe,No
27-08-2014 20:52,37,Male,india,TN,No,Yes,No,Never,,No,Yes,Don't know,No,No,Don't know,,Somewhat easy,No,No,Yes,Yes,No,No,Yes
27-08-2014 20:53,23,Male,india,TN,No,No,No,NA,,No,Yes,Don't know,No,Don't know,No,,Don't know,No,No,Yes,Yes,No,Maybe,Don't know
27-08-2014 20:55,33,M,india,TN,No,Yes,No,Sometimes,,Yes,Yes,Don't know,Not sure,No,No,,Very easy,No,No,Some of them,Yes,No,No,Yes
27-08-2014 21:05,29,male,india,TN,Yes,No,No,Never,,Yes,Yes,Yes,Yes,No,No,,Very difficult,Yes,No,Some of them,No,No,Yes,No
27-08-2014 21:15,34,Male,india,TN,No,Yes,Yes,Sometimes,,Yes,No,Yes,No,No,No,,Don't know,Maybe,No,Some of them,Some of them,No,Maybe,Don't know
27-08-2014 21:17,41,male,india,TN,No,Yes,Yes,Often,,No,Yes,Yes,No,No,No,,Don't know,Maybe,Maybe,Some of them,Some of them,No,No,Don't know
27-08-2014 21:21,50,Male,india,TN,No,Yes,No,NA,,Yes,Yes,Don't know,No,No,Don't know,,Don't know,No,No,Some of them,Yes,Maybe,Maybe,Don't know
27-08-2014 21:35,29,Male,india,TN,No,No,Yes,Never,,No,No,Yes,Not sure,Yes,Yes,,Somewhat difficult,Maybe,No,Some of them,No,No,Maybe,Don't know
27-08-2014 21:39,35,Male,india,TN,No,No,No,Never,,No,Yes,No,Yes,No,No,,Very easy,No,No,Some of them,Yes,Maybe,Maybe,Yes
27-08-2014 21:45,27,Male,india,TN,No,No,No,Sometimes,,Yes,Yes,No,No,No,No,,Don't know,Yes,No,Some of them,Yes,No,No,No
27-08-2014 21:54,40,Female,india,TN,No,No,No,Never,,No,No,Don't know,Not sure,No,No,,Somewhat easy,Maybe,Maybe,Yes,Yes,Maybe,Maybe,Don't know
27-08-2014 21:54,27,Male,india,TN,No,No,Yes,Often,,Yes,Yes,No,No,No,No,,Don't know,Maybe,No,Some of them,No,No,Maybe,No
27-08-2014 21:55,29,f,india,TN,No,No,No,Never,,No,Yes,Yes,Yes,Yes,No,,Don't know,Maybe,No,Some of them,Some of them,No,Maybe,Don't know
27-08-2014 22:00,31,Male,india,TN,No,Yes,Yes,Sometimes,,No,Yes,No,No,No,No,,Somewhat easy,Maybe,No,Yes,Yes,No,Maybe,Don't know
27-08-2014 22:04,43,Male,india,TN,No,No,Yes,Sometimes,,No,Yes,No,Yes,No,No,,Somewhat easy,No,No,Yes,Yes,No,Maybe,Don't know
27-08-2014 22:04,34,Male,india,TN,No,Yes,Yes,Sometimes,,Yes,Yes,Yes,Yes,No,No,,Don't know,Maybe,No,Some of them,Some of them,No,Yes,Don't know
27-08-2014 22:06,29,Male,india,TN,No,Yes,Yes,Sometimes,,No,Yes,Don't know,No,No,No,,Somewhat difficult,Yes,No,Some of them,Some of them,No,Maybe,Don't know
27-08-2014 22:07,19,Male,india,TN,No,Yes,Yes,Sometimes,,No,Yes,No,No,No,No,,Don't know,Maybe,Maybe,Some of them,No,No,Maybe,Don't know
27-08-2014 22:11,41,m,india,TN,No,Yes,Yes,Sometimes,,No,Yes,Yes,Not sure,Yes,Yes,,Don't know,Maybe,No,Some of them,Some of them,No,No,No
27-08-2014 22:12,29,Male,india,TN,No,Yes,No,Never,,No,Yes,Yes,Yes,Yes,Yes,,Don't know,No,No,Some of them,Yes,No,Maybe,Yes
27-08-2014 22:13,23,Male,india,TN,No,No,No,Rarely,,No,Yes,Yes,Not sure,Don't know,Don't know,,Don't know,No,No,Some of them,Some of them,No,No,Yes
27-08-2014 22:14,24,Female,india,TN,No,Yes,Yes,Sometimes,,No,Yes,Yes,Not sure,No,No,,Somewhat difficult,Yes,Maybe,No,No,No,No,No
27-08-2014 22:14,31,M,india,TN,No,No,No,NA,,Yes,Yes,Don't know,No,No,Don't know,,Don't know,Yes,No,No,No,No,Maybe,Don't know
27-08-2014 22:21,43,Male,india,TN,No,No,No,NA,,Yes,Yes,Don't know,Not sure,Don't know,Don't know,,Don't know,No,No,Yes,Yes,No,No,Yes
27-08-2014 22:26,31,Male,india,TN,No,Yes,Yes,Rarely,,No,Yes,No,No,No,Don't know,,Somewhat difficult,Yes,Yes,Some of them,No,No,No,No
27-08-2014 22:32,29,Male,india,TN,No,Yes,No,Often,,No,Yes,Yes,Yes,Yes,Yes,,Don't know,No,No,Some of them,Yes,No,No,Don't know
27-08-2014 22:35,35,Male,india,TN,Yes,Yes,No,NA,,Yes,Yes,No,No,Yes,Yes,,Very easy,No,No,Yes,Yes,No,Maybe,Yes
27-08-2014 22:36,33,Male,india,TN,No,Yes,Yes,Sometimes,,No,No,Yes,Not sure,No,No,,Somewhat difficult,Yes,Yes,No,No,No,No,No
27-08-2014 22:55,30,cis-female/femme,india,TN,Yes,Yes,Yes,Often,,Yes,No,No,Yes,No,Yes,,Somewhat difficult,No,No,Yes,Yes,No,No,Yes
,,,,,,,,,,,,,,,,,,,,,,,,
,,,,,,,,,,,,,,,,,,,,,,,,
,,,,,,,,,,,,,,,,,,,,,,,,
,,,,,,,,,,,,,,,,,,,,,,,,
,,,,,,,,,,,,,,,,,,,,,,,,
,,,,,,,,,,,,,,,,,,,,,,,,
,,,,,,,,,,,,,,,,,,,,,,,,
,,,,,,,,,,,,,,,,,,,,,,,,
,,,,,,,,,,,,,,,,,,,,,,,,
,,,,,,,,,,,,,,,,,,,,,,,,
,,,,,,,,,,,,,,,,,,,,,,,,
,,,,,,,,,,,,,,,,,,,,,,,,
,,,,,,,,,,,,,,,,,,,,,,,,
,,,,,,,,,,,,,,,,,,,,,,,,
,,,,,,,,,,,,,,,,,,,,,,,,
,,,,,,,,,,,,,,,,,,,,,,,,
,,,,,,,,,,,,,,,,,,,,,,,,
,,,,,,,,,,,,,,,,,,,,,,,,
,,,,,,,,,,,,,,,,,,,,,,,,
,,,,,,,,,,,,,,,,,,,,,,,,
,,,,,,,,,,,,,,,,,,,,,,,,
,,,,,,,,,,,,,,,,,,,,,,,,
,,,,,,,,,,,,,,,,,,,,,,,,
,,,,,,,,,,,,,,,,,,,,,,,,
,,,,,,,,,,,,,,,,,,,,,,,,
,,,,,,,,,,,,,,,,,,,,,,,,
,,,,,,,,,,,,,,,,,,,,,,,,
,,,,,,,,,,,,,,,,,,,,,,,,
,,,,,,,,,,,,,,,,,,,,,,,,
,,,,,,,,,,,,,,,,,,,,,,,,
,,,,,,,,,,,,,,,,,,,,,,,,
,,,,,,,,,,,,,,,,,,,,,,,,
,,,,,,,,,,,,,,,,,,,,,,,,
,,,,,,,,,,,,,,,,,,,,,,,,
,,,,,,,,,,,,,,,,,,,,,,,,
,,,,,,,,,,,,,,,,,,,,,,,,
,,,,,,,,,,,,,,,,,,,,,,,,
,,,,,,,,,,,,,,,,,,,,,,,,
,,,,,,,,,,,,,,,,,,,,,,,,
,,,,,,,,,,,,,,,,,,,,,,,,
,,,,,,,,,,,,,,,,,,,,,,,,
,,,,,,,,,,,,,,,,,,,,,,,,
,,,,,,,,,,,,,,,,,,,,,,,,
,,,,,,,,,,,,,,,,,,,,,,,,
,,,,,,,,,,,,,,,,,,,,,,,,
,,,,,,,,,,,,,,,,,,,,,,,,
,,,,,,,,,,,,,,,,,,,,,,,,
,,,,,,,,,,,,,,,,,,,,,,,,
,,,,,,,,,,,,,,,,,,,,,,,,
,,,,,,,,,,,,,,,,,,,,,,,,
,,,,,,,,,,,,,,,,,,,,,,,,
,,,,,,,,,,,,,,,,,,,,,,,,
,,,,,,,,,,,,,,,,,,,,,,,,
,,,,,,,,,,,,,,,,,,,,,,,,
,,,,,,,,,,,,,,,,,,,,,,,,
,,,,,,,,,,,,,,,,,,,,,,,,
,,,,,,,,,,,,,,,,,,,,,,,,
,,,,,,,,,,,,,,,,,,,,,,,,
,,,,,,,,,,,,,,,,,,,,,,,,
,,,,,,,,,,,,,,,,,,,,,,,,
,,,,,,,,,,,,,,,,,,,,,,,,
,,,,,,,,,,,,,,,,,,,,,,,,
,,,,,,,,,,,,,,,,,,,,,,,,
,,,,,,,,,,,,,,,,,,,,,,,,
,,,,,,,,,,,,,,,,,,,,,,,,
,,,,,,,,,,,,,,,,,,,,,,,,
,,,,,,,,,,,,,,,,,,,,,,,,
,,,,,,,,,,,,,,,,,,,,,,,,
,,,,,,,,,,,,,,,,,,,,,,,,
,,,,,,,,,,,,,,,,,,,,,,,,
,,,,,,,,,,,,,,,,,,,,,,,,
,,,,,,,,,,,,,,,,,,,,,,,,
,,,,,,,,,,,,,,,,,,,,,,,,
,,,,,,,,,,,,,,,,,,,,,,,,
,,,,,,,,,,,,,,,,,,,,,,,,
,,,,,,,,,,,,,,,,,,,,,,,,
,,,,,,,,,,,,,,,,,,,,,,,,
,,,,,,,,,,,,,,,,,,,,,,,,
,,,,,,,,,,,,,,,,,,,,,,,,
,,,,,,,,,,,,,,,,,,,,,,,,
,,,,,,,,,,,,,,,,,,,,,,,,
,,,,,,,,,,,,,,,,,,,,,,,,
,,,,,,,,,,,,,,,,,,,,,,,,
,,,,,,,,,,,,,,,,,,,,,,,,
,,,,,,,,,,,,,,,,,,,,,,,,
,,,,,,,,,,,,,,,,,,,,,,,,
,,,,,,,,,,,,,,,,,,,,,,,,
,,,,,,,,,,,,,,,,,,,,,,,,
,,,,,,,,,,,,,,,,,,,,,,,,
,,,,,,,,,,,,,,,,,,,,,,,,
,,,,,,,,,,,,,,,,,,,,,,,,
,,,,,,,,,,,,,,,,,,,,,,,,
,,,,,,,,,,,,,,,,,,,,,,,,
,,,,,,,,,,,,,,,,,,,,,,,,
,,,,,,,,,,,,,,,,,,,,,,,,
,,,,,,,,,,,,,,,,,,,,,,,,
,,,,,,,,,,,,,,,,,,,,,,,,
,,,,,,,,,,,,,,,,,,,,,,,,
,,,,,,,,,,,,,,,,,,,,,,,,
,,,,,,,,,,,,,,,,,,,,,,,,
,,,,,,,,,,,,,,,,,,,,,,,,
,,,,,,,,,,,,,,,,,,,,,,,,
,,,,,,,,,,,,,,,,,,,,,,,,
,,,,,,,,,,,,,,,,,,,,,,,,
,,,,,,,,,,,,,,,,,,,,,,,,
,,,,,,,,,,,,,,,,,,,,,,,,
,,,,,,,,,,,,,,,,,,,,,,,,
,,,,,,,,,,,,,,,,,,,,,,,,
,,,,,,,,,,,,,,,,,,,,,,,,
,,,,,,,,,,,,,,,,,,,,,,,,
,,,,,,,,,,,,,,,,,,,,,,,,
,,,,,,,,,,,,,,,,,,,,,,,,
,,,,,,,,,,,,,,,,,,,,,,,,
,,,,,,,,,,,,,,,,,,,,,,,,
,,,,,,,,,,,,,,,,,,,,,,,,
,,,,,,,,,,,,,,,,,,,,,,,,
,,,,,,,,,,,,,,,,,,,,,,,,
,,,,,,,,,,,,,,,,,,,,,,,,
,,,,,,,,,,,,,,,,,,,,,,,,
,,,,,,,,,,,,,,,,,,,,,,,,
,,,,,,,,,,,,,,,,,,,,,,,,
,,,,,,,,,,,,,,,,,,,,,,,,
,,,,,,,,,,,,,,,,,,,,,,,,
,,,,,,,,,,,,,,,,,,,,,,,,
,,,,,,,,,,,,,,,,,,,,,,,,
,,,,,,,,,,,,,,,,,,,,,,,,
,,,,,,,,,,,,,,,,,,,,,,,,
,,,,,,,,,,,,,,,,,,,,,,,,
,,,,,,,,,,,,,,,,,,,,,,,,
,,,,,,,,,,,,,,,,,,,,,,,,
,,,,,,,,,,,,,,,,,,,,,,,,
,,,,,,,,,,,,,,,,,,,,,,,,
,,,,,,,,,,,,,,,,,,,,,,,,
,,,,,,,,,,,,,,,,,,,,,,,,
,,,,,,,,,,,,,,,,,,,,,,,,
,,,,,,,,,,,,,,,,,,,,,,,,
,,,,,,,,,,,,,,,,,,,,,,,,
,,,,,,,,,,,,,,,,,,,,,,,,
,,,,,,,,,,,,,,,,,,,,,,,,
,,,,,,,,,,,,,,,,,,,,,,,,
,,,,,,,,,,,,,,,,,,,,,,,,
,,,,,,,,,,,,,,,,,,,,,,,,
,,,,,,,,,,,,,,,,,,,,,,,,
,,,,,,,,,,,,,,,,,,,,,,,,
,,,,,,,,,,,,,,,,,,,,,,,,
,,,,,,,,,,,,,,,,,,,,,,,,
,,,,,,,,,,,,,,,,,,,,,,,,
,,,,,,,,,,,,,,,,,,,,,,,,
,,,,,,,,,,,,,,,,,,,,,,,,
,,,,,,,,,,,,,,,,,,,,,,,,
,,,,,,,,,,,,,,,,,,,,,,,,
,,,,,,,,,,,,,,,,,,,,,,,,
,,,,,,,,,,,,,,,,,,,,,,,,
,,,,,,,,,,,,,,,,,,,,,,,,
,,,,,,,,,,,,,,,,,,,,,,,,
,,,,,,,,,,,,,,,,,,,,,,,,
,,,,,,,,,,,,,,,,,,,,,,,,
,,,,,,,,,,,,,,,,,,,,,,,,
,,,,,,,,,,,,,,,,,,,,,,,,
,,,,,,,,,,,,,,,,,,,,,,,,
,,,,,,,,,,,,,,,,,,,,,,,,
,,,,,,,,,,,,,,,,,,,,,,,,
,,,,,,,,,,,,,,,,,,,,,,,,
,,,,,,,,,,,,,,,,,,,,,,,,
,,,,,,,,,,,,,,,,,,,,,,,,
,,,,,,,,,,,,,,,,,,,,,,,,
,,,,,,,,,,,,,,,,,,,,,,,,
,,,,,,,,,,,,,,,,,,,,,,,,
,,,,,,,,,,,,,,,,,,,,,,,,
,,,,,,,,,,,,,,,,,,,,,,,,
,,,,,,,,,,,,,,,,,,,,,,,,
,,,,,,,,,,,,,,,,,,,,,,,,
,,,,,,,,,,,,,,,,,,,,,,,,
,,,,,,,,,,,,,,,,,,,,,,,,
,,,,,,,,,,,,,,,,,,,,,,,,
,,,,,,,,,,,,,,,,,,,,,,,,
,,,,,,,,,,,,,,,,,,,,,,,,
,,,,,,,,,,,,,,,,,,,,,,,,
,,,,,,,,,,,,,,,,,,,,,,,,
,,,,,,,,,,,,,,,,,,,,,,,,
,,,,,,,,,,,,,,,,,,,,,,,,
,,,,,,,,,,,,,,,,,,,,,,,,
,,,,,,,,,,,,,,,,,,,,,,,,
,,,,,,,,,,,,,,,,,,,,,,,,
,,,,,,,,,,,,,,,,,,,,,,,,
,,,,,,,,,,,,,,,,,,,,,,,,
,,,,,,,,,,,,,,,,,,,,,,,,
,,,,,,,,,,,,,,,,,,,,,,,,
,,,,,,,,,,,,,,,,,,,,,,,,
,,,,,,,,,,,,,,,,,,,,,,,,
,,,,,,,,,,,,,,,,,,,,,,,,
,,,,,,,,,,,,,,,,,,,,,,,,
,,,,,,,,,,,,,,,,,,,,,,,,
,,,,,,,,,,,,,,,,,,,,,,,,
,,,,,,,,,,,,,,,,,,,,,,,,
,,,,,,,,,,,,,,,,,,,,,,,,
,,,,,,,,,,,,,,,,,,,,,,,,
,,,,,,,,,,,,,,,,,,,,,,,,
,,,,,,,,,,,,,,,,,,,,,,,,
,,,,,,,,,,,,,,,,,,,,,,,,
,,,,,,,,,,,,,,,,,,,,,,,,
,,,,,,,,,,,,,,,,,,,,,,,,
,,,,,,,,,,,,,,,,,,,,,,,,
,,,,,,,,,,,,,,,,,,,,,,,,
,,,,,,,,,,,,,,,,,,,,,,,,
,,,,,,,,,,,,,,,,,,,,,,,,
,,,,,,,,,,,,,,,,,,,,,,,,
,,,,,,,,,,,,,,,,,,,,,,,,
,,,,,,,,,,,,,,,,,,,,,,,,
,,,,,,,,,,,,,,,,,,,,,,,,
,,,,,,,,,,,,,,,,,,,,,,,,
,,,,,,,,,,,,,,,,,,,,,,,,
,,,,,,,,,,,,,,,,,,,,,,,,
,,,,,,,,,,,,,,,,,,,,,,,,
,,,,,,,,,,,,,,,,,,,,,,,,
,,,,,,,,,,,,,,,,,,,,,,,,
,,,,,,,,,,,,,,,,,,,,,,,,
,,,,,,,,,,,,,,,,,,,,,,,,
,,,,,,,,,,,,,,,,,,,,,,,,
,,,,,,,,,,,,,,,,,,,,,,,,
,,,,,,,,,,,,,,,,,,,,,,,,
,,,,,,,,,,,,,,,,,,,,,,,,
,,,,,,,,,,,,,,,,,,,,,,,,
,,,,,,,,,,,,,,,,,,,,,,,,
,,,,,,,,,,,,,,,,,,,,,,,,
,,,,,,,,,,,,,,,,,,,,,,,,
,,,,,,,,,,,,,,,,,,,,,,,,
,,,,,,,,,,,,,,,,,,,,,,,,
,,,,,,,,,,,,,,,,,,,,,,,,
,,,,,,,,,,,,,,,,,,,,,,,,
,,,,,,,,,,,,,,,,,,,,,,,,
,,,,,,,,,,,,,,,,,,,,,,,,
,,,,,,,,,,,,,,,,,,,,,,,,
,,,,,,,,,,,,,,,,,,,,,,,,
,,,,,,,,,,,,,,,,,,,,,,,,
,,,,,,,,,,,,,,,,,,,,,,,,
,,,,,,,,,,,,,,,,,,,,,,,,
,,,,,,,,,,,,,,,,,,,,,,,,
,,,,,,,,,,,,,,,,,,,,,,,,
,,,,,,,,,,,,,,,,,,,,,,,,
,,,,,,,,,,,,,,,,,,,,,,,,
,,,,,,,,,,,,,,,,,,,,,,,,
,,,,,,,,,,,,,,,,,,,,,,,,
,,,,,,,,,,,,,,,,,,,,,,,,
,,,,,,,,,,,,,,,,,,,,,,,,
,,,,,,,,,,,,,,,,,,,,,,,,
,,,,,,,,,,,,,,,,,,,,,,,,
,,,,,,,,,,,,,,,,,,,,,,,,
,,,,,,,,,,,,,,,,,,,,,,,,
,,,,,,,,,,,,,,,,,,,,,,,,
,,,,,,,,,,,,,,,,,,,,,,,,
,,,,,,,,,,,,,,,,,,,,,,,,
,,,,,,,,,,,,,,,,,,,,,,,,
,,,,,,,,,,,,,,,,,,,,,,,,
,,,,,,,,,,,,,,,,,,,,,,,,
,,,,,,,,,,,,,,,,,,,,,,,,
,,,,,,,,,,,,,,,,,,,,,,,,
,,,,,,,,,,,,,,,,,,,,,,,,
,,,,,,,,,,,,,,,,,,,,,,,,
,,,,,,,,,,,,,,,,,,,,,,,,
,,,,,,,,,,,,,,,,,,,,,,,,
,,,,,,,,,,,,,,,,,,,,,,,,
,,,,,,,,,,,,,,,,,,,,,,,,
,,,,,,,,,,,,,,,,,,,,,,,,
,,,,,,,,,,,,,,,,,,,,,,,,
,,,,,,,,,,,,,,,,,,,,,,,,
,,,,,,,,,,,,,,,,,,,,,,,,
,,,,,,,,,,,,,,,,,,,,,,,,
,,,,,,,,,,,,,,,,,,,,,,,,
,,,,,,,,,,,,,,,,,,,,,,,,
,,,,,,,,,,,,,,,,,,,,,,,,
,,,,,,,,,,,,,,,,,,,,,,,,
,,,,,,,,,,,,,,,,,,,,,,,,
,,,,,,,,,,,,,,,,,,,,,,,,
,,,,,,,,,,,,,,,,,,,,,,,,
,,,,,,,,,,,,,,,,,,,,,,,,
,,,,,,,,,,,,,,,,,,,,,,,,
,,,,,,,,,,,,,,,,,,,,,,,,
,,,,,,,,,,,,,,,,,,,,,,,,
,,,,,,,,,,,,,,,,,,,,,,,,
,,,,,,,,,,,,,,,,,,,,,,,,
,,,,,,,,,,,,,,,,,,,,,,,,
,,,,,,,,,,,,,,,,,,,,,,,,
,,,,,,,,,,,,,,,,,,,,,,,,
,,,,,,,,,,,,,,,,,,,,,,,,
,,,,,,,,,,,,,,,,,,,,,,,,
,,,,,,,,,,,,,,,,,,,,,,,,
,,,,,,,,,,,,,,,,,,,,,,,,
,,,,,,,,,,,,,,,,,,,,,,,,
,,,,,,,,,,,,,,,,,,,,,,,,
,,,,,,,,,,,,,,,,,,,,,,,,
,,,,,,,,,,,,,,,,,,,,,,,,
,,,,,,,,,,,,,,,,,,,,,,,,
,,,,,,,,,,,,,,,,,,,,,,,,
,,,,,,,,,,,,,,,,,,,,,,,,
,,,,,,,,,,,,,,,,,,,,,,,,
,,,,,,,,,,,,,,,,,,,,,,,,
,,,,,,,,,,,,,,,,,,,,,,,,
,,,,,,,,,,,,,,,,,,,,,,,,
,,,,,,,,,,,,,,,,,,,,,,,,
,,,,,,,,,,,,,,,,,,,,,,,,
,,,,,,,,,,,,,,,,,,,,,,,,
,,,,,,,,,,,,,,,,,,,,,,,,
,,,,,,,,,,,,,,,,,,,,,,,,
,,,,,,,,,,,,,,,,,,,,,,,,
,,,,,,,,,,,,,,,,,,,,,,,,
,,,,,,,,,,,,,,,,,,,,,,,,
,,,,,,,,,,,,,,,,,,,,,,,,
,,,,,,,,,,,,,,,,,,,,,,,,
,,,,,,,,,,,,,,,,,,,,,,,,
,,,,,,,,,,,,,,,,,,,,,,,,
,,,,,,,,,,,,,,,,,,,,,,,,
,,,,,,,,,,,,,,,,,,,,,,,,
,,,,,,,,,,,,,,,,,,,,,,,,
,,,,,,,,,,,,,,,,,,,,,,,,
,,,,,,,,,,,,,,,,,,,,,,,,
,,,,,,,,,,,,,,,,,,,,,,,,
,,,,,,,,,,,,,,,,,,,,,,,,
,,,,,,,,,,,,,,,,,,,,,,,,
,,,,,,,,,,,,,,,,,,,,,,,,
,,,,,,,,,,,,,,,,,,,,,,,,
,,,,,,,,,,,,,,,,,,,,,,,,
,,,,,,,,,,,,,,,,,,,,,,,,
,,,,,,,,,,,,,,,,,,,,,,,,
,,,,,,,,,,,,,,,,,,,,,,,,
,,,,,,,,,,,,,,,,,,,,,,,,
,,,,,,,,,,,,,,,,,,,,,,,,
,,,,,,,,,,,,,,,,,,,,,,,,
,,,,,,,,,,,,,,,,,,,,,,,,
,,,,,,,,,,,,,,,,,,,,,,,,
,,,,,,,,,,,,,,,,,,,,,,,,
,,,,,,,,,,,,,,,,,,,,,,,,
,,,,,,,,,,,,,,,,,,,,,,,,
,,,,,,,,,,,,,,,,,,,,,,,,
,,,,,,,,,,,,,,,,,,,,,,,,
,,,,,,,,,,,,,,,,,,,,,,,,
,,,,,,,,,,,,,,,,,,,,,,,,
,,,,,,,,,,,,,,,,,,,,,,,,
,,,,,,,,,,,,,,,,,,,,,,,,
,,,,,,,,,,,,,,,,,,,,,,,,
,,,,,,,,,,,,,,,,,,,,,,,,
,,,,,,,,,,,,,,,,,,,,,,,,
,,,,,,,,,,,,,,,,,,,,,,,,
,,,,,,,,,,,,,,,,,,,,,,,,
,,,,,,,,,,,,,,,,,,,,,,,,
,,,,,,,,,,,,,,,,,,,,,,,,
,,,,,,,,,,,,,,,,,,,,,,,,
,,,,,,,,,,,,,,,,,,,,,,,,
,,,,,,,,,,,,,,,,,,,,,,,,
,,,,,,,,,,,,,,,,,,,,,,,,
,,,,,,,,,,,,,,,,,,,,,,,,
,,,,,,,,,,,,,,,,,,,,,,,,
,,,,,,,,,,,,,,,,,,,,,,,,
,,,,,,,,,,,,,,,,,,,,,,,,
,,,,,,,,,,,,,,,,,,,,,,,,
,,,,,,,,,,,,,,,,,,,,,,,,
,,,,,,,,,,,,,,,,,,,,,,,,
,,,,,,,,,,,,,,,,,,,,,,,,
,,,,,,,,,,,,,,,,,,,,,,,,
,,,,,,,,,,,,,,,,,,,,,,,,
,,,,,,,,,,,,,,,,,,,,,,,,
,,,,,,,,,,,,,,,,,,,,,,,,
,,,,,,,,,,,,,,,,,,,,,,,,
,,,,,,,,,,,,,,,,,,,,,,,,
,,,,,,,,,,,,,,,,,,,,,,,,
,,,,,,,,,,,,,,,,,,,,,,,,
,,,,,,,,,,,,,,,,,,,,,,,,
,,,,,,,,,,,,,,,,,,,,,,,,
,,,,,,,,,,,,,,,,,,,,,,,,
,,,,,,,,,,,,,,,,,,,,,,,,
,,,,,,,,,,,,,,,,,,,,,,,,
,,,,,,,,,,,,,,,,,,,,,,,,
,,,,,,,,,,,,,,,,,,,,,,,,
,,,,,,,,,,,,,,,,,,,,,,,,
,,,,,,,,,,,,,,,,,,,,,,,,
,,,,,,,,,,,,,,,,,,,,,,,,
,,,,,,,,,,,,,,,,,,,,,,,,
,,,,,,,,,,,,,,,,,,,,,,,,
,,,,,,,,,,,,,,,,,,,,,,,,
,,,,,,,,,,,,,,,,,,,,,,,,
,,,,,,,,,,,,,,,,,,,,,,,,
,,,,,,,,,,,,,,,,,,,,,,,,
,,,,,,,,,,,,,,,,,,,,,,,,
,,,,,,,,,,,,,,,,,,,,,,,,
,,,,,,,,,,,,,,,,,,,,,,,,
,,,,,,,,,,,,,,,,,,,,,,,,
,,,,,,,,,,,,,,,,,,,,,,,,
,,,,,,,,,,,,,,,,,,,,,,,,
,,,,,,,,,,,,,,,,,,,,,,,,
,,,,,,,,,,,,,,,,,,,,,,,,
,,,,,,,,,,,,,,,,,,,,,,,,
,,,,,,,,,,,,,,,,,,,,,,,,
,,,,,,,,,,,,,,,,,,,,,,,,
,,,,,,,,,,,,,,,,,,,,,,,,
,,,,,,,,,,,,,,,,,,,,,,,,
,,,,,,,,,,,,,,,,,,,,,,,,
,,,,,,,,,,,,,,,,,,,,,,,,
,,,,,,,,,,,,,,,,,,,,,,,,
,,,,,,,,,,,,,,,,,,,,,,,,
,,,,,,,,,,,,,,,,,,,,,,,,
,,,,,,,,,,,,,,,,,,,,,,,,
,,,,,,,,,,,,,,,,,,,,,,,,
,,,,,,,,,,,,,,,,,,,,,,,,
,,,,,,,,,,,,,,,,,,,,,,,,
,,,,,,,,,,,,,,,,,,,,,,,,
,,,,,,,,,,,,,,,,,,,,,,,,
,,,,,,,,,,,,,,,,,,,,,,,,
,,,,,,,,,,,,,,,,,,,,,,,,
,,,,,,,,,,,,,,,,,,,,,,,,
,,,,,,,,,,,,,,,,,,,,,,,,
,,,,,,,,,,,,,,,,,,,,,,,,
,,,,,,,,,,,,,,,,,,,,,,,,
,,,,,,,,,,,,,,,,,,,,,,,,
,,,,,,,,,,,,,,,,,,,,,,,,
,,,,,,,,,,,,,,,,,,,,,,,,
,,,,,,,,,,,,,,,,,,,,,,,,
,,,,,,,,,,,,,,,,,,,,,,,,
,,,,,,,,,,,,,,,,,,,,,,,,
,,,,,,,,,,,,,,,,,,,,,,,,
,,,,,,,,,,,,,,,,,,,,,,,,
,,,,,,,,,,,,,,,,,,,,,,,,
,,,,,,,,,,,,,,,,,,,,,,,,
,,,,,,,,,,,,,,,,,,,,,,,,
,,,,,,,,,,,,,,,,,,,,,,,,
,,,,,,,,,,,,,,,,,,,,,,,,
,,,,,,,,,,,,,,,,,,,,,,,,
,,,,,,,,,,,,,,,,,,,,,,,,
,,,,,,,,,,,,,,,,,,,,,,,,
,,,,,,,,,,,,,,,,,,,,,,,,
,,,,,,,,,,,,,,,,,,,,,,,,
,,,,,,,,,,,,,,,,,,,,,,,,
,,,,,,,,,,,,,,,,,,,,,,,,
,,,,,,,,,,,,,,,,,,,,,,,,
,,,,,,,,,,,,,,,,,,,,,,,,
,,,,,,,,,,,,,,,,,,,,,,,,
,,,,,,,,,,,,,,,,,,,,,,,,
,,,,,,,,,,,,,,,,,,,,,,,,
,,,,,,,,,,,,,,,,,,,,,,,,
,,,,,,,,,,,,,,,,,,,,,,,,
,,,,,,,,,,,,,,,,,,,,,,,,
,,,,,,,,,,,,,,,,,,,,,,,,
,,,,,,,,,,,,,,,,,,,,,,,,
,,,,,,,,,,,,,,,,,,,,,,,,
,,,,,,,,,,,,,,,,,,,,,,,,
,,,,,,,,,,,,,,,,,,,,,,,,
,,,,,,,,,,,,,,,,,,,,,,,,
,,,,,,,,,,,,,,,,,,,,,,,,
,,,,,,,,,,,,,,,,,,,,,,,,
,,,,,,,,,,,,,,,,,,,,,,,,
,,,,,,,,,,,,,,,,,,,,,,,,
,,,,,,,,,,,,,,,,,,,,,,,,
,,,,,,,,,,,,,,,,,,,,,,,,
,,,,,,,,,,,,,,,,,,,,,,,,
,,,,,,,,,,,,,,,,,,,,,,,,
,,,,,,,,,,,,,,,,,,,,,,,,
,,,,,,,,,,,,,,,,,,,,,,,,
,,,,,,,,,,,,,,,,,,,,,,,,
,,,,,,,,,,,,,,,,,,,,,,,,
,,,,,,,,,,,,,,,,,,,,,,,,
,,,,,,,,,,,,,,,,,,,,,,,,
,,,,,,,,,,,,,,,,,,,,,,,,
,,,,,,,,,,,,,,,,,,,,,,,,
,,,,,,,,,,,,,,,,,,,,,,,,
,,,,,,,,,,,,,,,,,,,,,,,,
,,,,,,,,,,,,,,,,,,,,,,,,
,,,,,,,,,,,,,,,,,,,,,,,,
,,,,,,,,,,,,,,,,,,,,,,,,
,,,,,,,,,,,,,,,,,,,,,,,,
,,,,,,,,,,,,,,,,,,,,,,,,
,,,,,,,,,,,,,,,,,,,,,,,,
,,,,,,,,,,,,,,,,,,,,,,,,
,,,,,,,,,,,,,,,,,,,,,,,,
,,,,,,,,,,,,,,,,,,,,,,,,
,,,,,,,,,,,,,,,,,,,,,,,,
,,,,,,,,,,,,,,,,,,,,,,,,
,,,,,,,,,,,,,,,,,,,,,,,,
,,,,,,,,,,,,,,,,,,,,,,,,
,,,,,,,,,,,,,,,,,,,,,,,,
,,,,,,,,,,,,,,,,,,,,,,,,
,,,,,,,,,,,,,,,,,,,,,,,,
,,,,,,,,,,,,,,,,,,,,,,,,
,,,,,,,,,,,,,,,,,,,,,,,,
,,,,,,,,,,,,,,,,,,,,,,,,
,,,,,,,,,,,,,,,,,,,,,,,,
,,,,,,,,,,,,,,,,,,,,,,,,
,,,,,,,,,,,,,,,,,,,,,,,,
,,,,,,,,,,,,,,,,,,,,,,,,
,,,,,,,,,,,,,,,,,,,,,,,,
,,,,,,,,,,,,,,,,,,,,,,,,
,,,,,,,,,,,,,,,,,,,,,,,,
,,,,,,,,,,,,,,,,,,,,,,,,
,,,,,,,,,,,,,,,,,,,,,,,,
,,,,,,,,,,,,,,,,,,,,,,,,
,,,,,,,,,,,,,,,,,,,,,,,,
,,,,,,,,,,,,,,,,,,,,,,,,
,,,,,,,,,,,,,,,,,,,,,,,,
,,,,,,,,,,,,,,,,,,,,,,,,
,,,,,,,,,,,,,,,,,,,,,,,,
,,,,,,,,,,,,,,,,,,,,,,,,
,,,,,,,,,,,,,,,,,,,,,,,,
,,,,,,,,,,,,,,,,,,,,,,,,
,,,,,,,,,,,,,,,,,,,,,,,,
,,,,,,,,,,,,,,,,,,,,,,,,
,,,,,,,,,,,,,,,,,,,,,,,,
,,,,,,,,,,,,,,,,,,,,,,,,
,,,,,,,,,,,,,,,,,,,,,,,,
,,,,,,,,,,,,,,,,,,,,,,,,
,,,,,,,,,,,,,,,,,,,,,,,,
,,,,,,,,,,,,,,,,,,,,,,,,
,,,,,,,,,,,,,,,,,,,,,,,,
,,,,,,,,,,,,,,,,,,,,,,,,
,,,,,,,,,,,,,,,,,,,,,,,,
,,,,,,,,,,,,,,,,,,,,,,,,
,,,,,,,,,,,,,,,,,,,,,,,,
,,,,,,,,,,,,,,,,,,,,,,,,
,,,,,,,,,,,,,,,,,,,,,,,,
,,,,,,,,,,,,,,,,,,,,,,,,
,,,,,,,,,,,,,,,,,,,,,,,,
,,,,,,,,,,,,,,,,,,,,,,,,
,,,,,,,,,,,,,,,,,,,,,,,,
,,,,,,,,,,,,,,,,,,,,,,,,
,,,,,,,,,,,,,,,,,,,,,,,,
,,,,,,,,,,,,,,,,,,,,,,,,
,,,,,,,,,,,,,,,,,,,,,,,,
,,,,,,,,,,,,,,,,,,,,,,,,
,,,,,,,,,,,,,,,,,,,,,,,,
,,,,,,,,,,,,,,,,,,,,,,,,
,,,,,,,,,,,,,,,,,,,,,,,,
,,,,,,,,,,,,,,,,,,,,,,,,
,,,,,,,,,,,,,,,,,,,,,,,,
,,,,,,,,,,,,,,,,,,,,,,,,
,,,,,,,,,,,,,,,,,,,,,,,,
,,,,,,,,,,,,,,,,,,,,,,,,
,,,,,,,,,,,,,,,,,,,,,,,,
,,,,,,,,,,,,,,,,,,,,,,,,
,,,,,,,,,,,,,,,,,,,,,,,,
,,,,,,,,,,,,,,,,,,,,,,,,
,,,,,,,,,,,,,,,,,,,,,,,,
,,,,,,,,,,,,,,,,,,,,,,,,
,,,,,,,,,,,,,,,,,,,,,,,,
,,,,,,,,,,,,,,,,,,,,,,,,
,,,,,,,,,,,,,,,,,,,,,,,,
,,,,,,,,,,,,,,,,,,,,,,,,
,,,,,,,,,,,,,,,,,,,,,,,,
,,,,,,,,,,,,,,,,,,,,,,,,
,,,,,,,,,,,,,,,,,,,,,,,,
,,,,,,,,,,,,,,,,,,,,,,,,
,,,,,,,,,,,,,,,,,,,,,,,,
,,,,,,,,,,,,,,,,,,,,,,,,
,,,,,,,,,,,,,,,,,,,,,,,,
,,,,,,,,,,,,,,,,,,,,,,,,
,,,,,,,,,,,,,,,,,,,,,,,,
,,,,,,,,,,,,,,,,,,,,,,,,
,,,,,,,,,,,,,,,,,,,,,,,,
,,,,,,,,,,,,,,,,,,,,,,,,
,,,,,,,,,,,,,,,,,,,,,,,,
,,,,,,,,,,,,,,,,,,,,,,,,
,,,,,,,,,,,,,,,,,,,,,,,,
,,,,,,,,,,,,,,,,,,,,,,,,
,,,,,,,,,,,,,,,,,,,,,,,,
,,,,,,,,,,,,,,,,,,,,,,,,
,,,,,,,,,,,,,,,,,,,,,,,,
,,,,,,,,,,,,,,,,,,,,,,,,
,,,,,,,,,,,,,,,,,,,,,,,,
,,,,,,,,,,,,,,,,,,,,,,,,
,,,,,,,,,,,,,,,,,,,,,,,,
,,,,,,,,,,,,,,,,,,,,,,,,
,,,,,,,,,,,,,,,,,,,,,,,,
,,,,,,,,,,,,,,,,,,,,,,,,
,,,,,,,,,,,,,,,,,,,,,,,,
,,,,,,,,,,,,,,,,,,,,,,,,
,,,,,,,,,,,,,,,,,,,,,,,,
,,,,,,,,,,,,,,,,,,,,,,,,
,,,,,,,,,,,,,,,,,,,,,,,,
,,,,,,,,,,,,,,,,,,,,,,,,
,,,,,,,,,,,,,,,,,,,,,,,,
,,,,,,,,,,,,,,,,,,,,,,,,
,,,,,,,,,,,,,,,,,,,,,,,,
,,,,,,,,,,,,,,,,,,,,,,,,
,,,,,,,,,,,,,,,,,,,,,,,,
,,,,,,,,,,,,,,,,,,,,,,,,
,,,,,,,,,,,,,,,,,,,,,,,,
,,,,,,,,,,,,,,,,,,,,,,,,
,,,,,,,,,,,,,,,,,,,,,,,,
,,,,,,,,,,,,,,,,,,,,,,,,
,,,,,,,,,,,,,,,,,,,,,,,,
,,,,,,,,,,,,,,,,,,,,,,,,
,,,,,,,,,,,,,,,,,,,,,,,,
,,,,,,,,,,,,,,,,,,,,,,,,
,,,,,,,,,,,,,,,,,,,,,,,,
,,,,,,,,,,,,,,,,,,,,,,,,
,,,,,,,,,,,,,,,,,,,,,,,,
,,,,,,,,,,,,,,,,,,,,,,,,
,,,,,,,,,,,,,,,,,,,,,,,,
,,,,,,,,,,,,,,,,,,,,,,,,
,,,,,,,,,,,,,,,,,,,,,,,,
,,,,,,,,,,,,,,,,,,,,,,,,
,,,,,,,,,,,,,,,,,,,,,,,,
,,,,,,,,,,,,,,,,,,,,,,,,
,,,,,,,,,,,,,,,,,,,,,,,,
,,,,,,,,,,,,,,,,,,,,,,,,
,,,,,,,,,,,,,,,,,,,,,,,,
,,,,,,,,,,,,,,,,,,,,,,,,
,,,,,,,,,,,,,,,,,,,,,,,,
,,,,,,,,,,,,,,,,,,,,,,,,
,,,,,,,,,,,,,,,,,,,,,,,,
,,,,,,,,,,,,,,,,,,,,,,,,
,,,,,,,,,,,,,,,,,,,,,,,,
,,,,,,,,,,,,,,,,,,,,,,,,
,,,,,,,,,,,,,,,,,,,,,,,,
,,,,,,,,,,,,,,,,,,,,,,,,
,,,,,,,,,,,,,,,,,,,,,,,,
,,,,,,,,,,,,,,,,,,,,,,,,
,,,,,,,,,,,,,,,,,,,,,,,,
,,,,,,,,,,,,,,,,,,,,,,,,
,,,,,,,,,,,,,,,,,,,,,,,,
,,,,,,,,,,,,,,,,,,,,,,,,
,,,,,,,,,,,,,,,,,,,,,,,,
,,,,,,,,,,,,,,,,,,,,,,,,
,,,,,,,,,,,,,,,,,,,,,,,,
,,,,,,,,,,,,,,,,,,,,,,,,
,,,,,,,,,,,,,,,,,,,,,,,,
,,,,,,,,,,,,,,,,,,,,,,,,
,,,,,,,,,,,,,,,,,,,,,,,,
,,,,,,,,,,,,,,,,,,,,,,,,
,,,,,,,,,,,,,,,,,,,,,,,,
,,,,,,,,,,,,,,,,,,,,,,,,
,,,,,,,,,,,,,,,,,,,,,,,,
,,,,,,,,,,,,,,,,,,,,,,,,
,,,,,,,,,,,,,,,,,,,,,,,,
,,,,,,,,,,,,,,,,,,,,,,,,
,,,,,,,,,,,,,,,,,,,,,,,,
,,,,,,,,,,,,,,,,,,,,,,,,
,,,,,,,,,,,,,,,,,,,,,,,,
,,,,,,,,,,,,,,,,,,,,,,,,
,,,,,,,,,,,,,,,,,,,,,,,,
,,,,,,,,,,,,,,,,,,,,,,,,
,,,,,,,,,,,,,,,,,,,,,,,,
,,,,,,,,,,,,,,,,,,,,,,,,
,,,,,,,,,,,,,,,,,,,,,,,,
,,,,,,,,,,,,,,,,,,,,,,,,
,,,,,,,,,,,,,,,,,,,,,,,,
,,,,,,,,,,,,,,,,,,,,,,,,
,,,,,,,,,,,,,,,,,,,,,,,,
,,,,,,,,,,,,,,,,,,,,,,,,
,,,,,,,,,,,,,,,,,,,,,,,,
,,,,,,,,,,,,,,,,,,,,,,,,
,,,,,,,,,,,,,,,,,,,,,,,,
,,,,,,,,,,,,,,,,,,,,,,,,
,,,,,,,,,,,,,,,,,,,,,,,,
,,,,,,,,,,,,,,,,,,,,,,,,
,,,,,,,,,,,,,,,,,,,,,,,,
,,,,,,,,,,,,,,,,,,,,,,,,
,,,,,,,,,,,,,,,,,,,,,,,,
,,,,,,,,,,,,,,,,,,,,,,,,
